"";"classe 1";"classe 2";"classe 3";"classe 4";"classe 5";"classe 6"
"plan";0,1;0,925;0,377;0,419;0,032;0,01
"gouvernement";0;0,286;0,558;0,273;0,526;0,004
"français";0;0,286;0,057;0,891;0,019;0,151
"pays";0,003;0,322;0,464;0,171;0,027;0,473
"schuman";0,44;0,499;0,002;0,084;0,01;0,056
"autorité";0,001;0,985;0,704;0,271;0,404;0,001
"haut";0,002;0,379;0,554;0,476;0,242;0,008
"communauté";0,004;0,633;0,861;0,006;0,026;0,025
"charbon";0,001;0,633;0,134;0,006;0,28;0,928
"europe";0,379;0,029;0,698;0;0,848;0,206
"allemand";0,021;0,238;0,001;0,008;0,19;0,304
"commun";0,003;0,322;0,04;0,009;0,076;0,151
"acier";0,001;0,499;0,086;0,019;0,158;0,785
"question";0,155;0,925;0,002;0,155;0,9;0,789
"mettre";0,024;0,925;0,669;0,155;0,032;0,247
"conseil";0,556;0,776;0,978;0,229;0,343;0,531
"traiter";0,069;0,776;0,009;0,061;0,002;0,531
"assemblée";0,27;0,035;0,031;0,102;0,029;0,047
"état";0,006;0,011;0,07;0,108;0,28;0,529
"france";0,002;0,279;0,052;0,522;0,037;0,421
"président";0,03;0,016;0,105;0,017;0,316;0,45
"européen";0,024;0,437;0,82;0,001;0,9;0,656
"prendre";0,006;0,633;0,403;0,026;0,026;0,418
"comité";0,017;0,293;0,119;0,32;0,074;0,266
"allemagne";0,074;0,176;0;0,02;0,029;0,233
"ministre";0,001;0,475;0,086;0,883;0,748;0,014
"nécessaire";0,055;0,187;0,627;0,972;0,001;0,273
"accord";0,003;0,253;0,001;0,405;0,896;0,853
"politique";0,06;0,151;0,881;0;0,678;0,769
"donner";0,003;0,761;0,942;0,009;0,099;0,151
"projet";0,004;0,292;0,004;0,754;0,741;0,16
"demander";0,015;0,098;0,198;0,229;0,129;0,421
"voir";0,253;0,85;0,597;0,189;0,147;0,212
"permettre";0,001;0,833;0,07;0,385;0;0,418
"délégation";0,004;0;0,134;0,754;0,007;0,513
"marché";0,033;0,855;0,662;0,022;0,325;0,086
"national";0,03;0,016;0,064;0,002;0,027;0,45
"américain";0,05;0,094;0,346;0,254;0;0,115
"cours";0,024;0,008;0,028;0,1;0,313;0,061
"production";0,033;0,524;0,726;0,512;0;0,086
"institution";0,135;0,275;0,279;0,164;0,415;0,345
"général";0,002;0,86;0,554;0,235;0,003;0,645
"condition";0,008;0,15;0,797;0,177;0,494;0,562
"représentant";0,003;0,324;0,039;0,086;0,896;0,041
"disposition";0,006;0,887;0,014;0,157;0,251;0,39
"membre";0,19;0,435;0,333;0,494;0,245;0
"conversation";0,271;0,499;0;0,043;0,404;0,008
"base";0,074;0,176;0,44;0,342;0;0,047
"monnet";0,002;0,063;0,066;0,597;0,012;0,858
"rapport";0,33;0,735;0,052;0,024;0,001;0,031
"article";0,05;0,962;0,123;0,05;0,524;0,043
"part";0,008;0,15;0,65;0,985;0,011;0,033
"proposer";0,001;0,833;0,861;0,006;0,227;0,529
"possible";0,196;0,534;0,852;0,553;0,028;0,273
"remettre";0,179;0,053;0,205;0,58;0,558;0,311
"ensemble";0,006;0,887;0,718;0,001;0,079;0,028
"concerner";0,048;0,967;0;0,048;0,494;0,562
"unir";0,765;0,041;0,157;0,001;0,074;0,055
"premier";0,034;0,42;0,293;0,325;0,18;0,104
"industrie";0,132;0,44;0,71;0,563;0,01;0,225
"essentiel";0,024;0,013;0,417;0,11;0;0,019
"création";0,021;0,694;0,186;0,008;0,19;0,837
"travail";0,002;0;0,15;0,58;0,019;0,311
"programme";0,062;0,475;0,401;0,062;0;0,132
"grand";0,28;0,253;0,043;0,035;0,002;0,095
"actuel";0,005;0,81;0,105;0,279;0,027;0,023
"défense";0,021;0,049;0,037;0;0,05;0,304
"économique";0,048;0,024;0,061;0,494;0,002;0,033
"position";0,157;0,887;0,002;0,225;0,059;0,504
"entreprise";0,197;0,363;0,568;0,593;0,001;0,1
"effort";0,111;0,238;0,186;0,216;0;0,064
"assurer";0,011;0,938;0,627;0,972;0;0,011
"mesure";0,011;0,021;0,197;0,06;0,038;0,203
"négociation";0,006;0,887;0,718;0,011;0,079;0,152
"développement";0,021;0,238;0,85;0,052;0,009;0,064
"décision";0,129;0,63;0,247;0,665;0,027;0,45
"discussion";0,041;0,442;0,029;0,593;0,352;0,324
"accepter";0,014;0,554;0,49;0,102;0,725;0,691
"partie";0,27;0,554;0,49;0,676;0,325;0,691
"effet";0,086;0,783;0,985;0,658;0,013;0,354
"conférence";0,005;0,054;0,354;0,129;0,423;0,002
"établir";0,33;0,292;0,901;0,339;0,146;0,4
"jean";0,013;0,019;0,046;0,229;0,058;0,531
"délégué";0,033;0,023;0,662;0,512;0,289;0,086
"cher";0;0,706;0,573;0,106;0,034;0,4
"prix";0,062;0,052;0,388;0,062;0,022;0,132
"lettre";0,92;0,187;0,733;0,038;0,589;0,924
"réunion";0,27;0;0,968;0,79;0,122;0,233
"organisation";0,041;0,08;0,168;0,013;0,245;0,1
"ressource";0,091;0,148;0,126;0,991;0;0,173
"mémorandum";0,413;0,069;0,044;0,935;0,705;0,391
"moyen";0,014;0,176;0,44;0,02;0,004;0,233
"activité";0,159;0,904;0,203;0,665;0,004;1
"action";0,033;0,855;0,255;0,413;0,002;0,391
"tenir";0,038;0,109;0,733;0,157;0;0,39
"prévoir";0,041;0,363;0,568;0,593;0,01;0,913
"aller";0,828;0,335;0,643;0,665;0,688;0,45
"temps";0,021;0,238;0,57;0,008;0,19;0,837
"sidérurgie";0,091;0,019;0,035;0,091;0,662;0,173
"réalisation";0,164;0,069;0,054;0,022;0,002;0,391
"ruhr";0,159;0,228;0;0,665;0,483;0,257
"modernisation";0,475;0,702;0,148;0,11;0;0,797
"financement";0,563;0,198;0,173;0,563;0;0,225
"situation";0,376;0,238;0,85;0,86;0,513;0,304
"seulement";0,027;0,608;0,045;0,005;0,138;0,345
"jour";0,06;0,417;0,197;0,888;0,835;0,624
"agir";0,024;0,292;0,417;0,754;0,008;0,4
"rendre";0,074;0,554;0,968;0,79;0,004;0,233
"relatif";0,024;0,735;0;0,024;0,39;0,4
"parlement";0,021;0,238;0,85;0,216;1;0,024
"indispensable";0,135;0,058;0,645;0,44;0;0,463
"dernier";0,32;0,78;0,942;0,32;0,015;0,266
"apporter";0,074;0,091;0,49;0,79;0,325;0,047
"venir";0,937;0,598;0,933;0,179;0,242;0,013
"objet";0,011;0,118;0,881;0,594;0,146;0,769
"soumettre";0,017;0,78;0,021;0,765;0,253;0,266
"réponse";0,283;0,863;0,086;0,062;0,022;0,132
"proposition";0,32;0,205;0,157;0,001;0,253;0,266
"problème";0,021;0,049;0,186;0,596;0,05;0,304
"particulier";0,027;0,608;0,756;0,502;0,138;0,345
"lieu";0,017;0,621;0,119;0,074;0,886;0,762
"fédéral";0,23;0,304;0,199;0,034;0,732;0,334
"forme";0,014;0,176;0,968;0,02;0,024;0,233
"difficulté";0,027;0,772;0,756;0,502;0,138;0,916
"sarre";0,132;0,797;0;0,563;0,086;0,225
"nouveau";0,091;0,041;0,031;0;0,015;0,266
"militaire";0,091;0,148;0,126;0,01;0,005;0,173
"comprendre";0,021;0,694;0,57;0,008;0,513;0,537
"relation";0,683;0,094;0,476;0,715;0,176;0,499
"recommandation";0,132;0,198;0,536;0,728;0,086;0,893
"poursuivre";0,005;0,63;0,817;0,017;0,109;0,023
"contribution";0,135;0,772;0,045;0,005;0,031;0,075
"année";0,041;0,363;0,065;0,826;0;0,443
"affaire";0,32;0,205;0,502;0,692;0,617;0,034
"investissement";0,132;0,797;0,71;0,132;0;0,225
"intérêt";0,062;0,29;0,388;0,188;0,512;0,563
"important";0,593;0,442;0,814;0,593;0,063;0,1
"financier";0,401;0,148;0,535;0,401;0;0,173
"conséquence";0,017;0,041;0,119;0,074;0,074;0,266
"charger";0,033;0,524;0,726;0,164;0;0,391
"caisse";0,334;0,409;0,382;0,334;0;0,437
"application";0,033;0,855;0,044;0,935;0,705;0,391
"réaliser";0,11;0,171;0,148;0,29;0,002;0,797
"objectif";0,05;0,094;0,908;0,254;0;0,115
"également";0,376;0,694;0,57;0,216;0,19;0,304
"service";0,021;0,238;0,85;0,86;0,05;0,304
"raison";0,091;0,293;0,415;0,765;0,886;0,613
"exécution";0,05;0,094;0,077;0,715;0;0,822
"aide";0,05;0,962;0,346;0,715;0;0,115
"étranger";0,033;0,855;0,054;0,512;0,096;0,001
"terme";0,021;0,238;0,089;0,376;0,19;0,15
"statut";0,05;0,094;0,001;0,007;0,026;0,822
"obtenir";0,033;0,855;0,255;0,022;0,096;0,391
"observation";0,863;0,171;0,001;0,11;0,524;0,198
"besoin";0,075;0,128;0,107;0,132;0,001;0,633
"période";0,191;0,263;0,304;0,785;0,019;0,293
"public";0,091;0,163;0,535;0,991;0,044;0,173
"penser";0,593;0,363;0,814;0,826;0,245;0,913
"indiquer";0,512;0,069;0,255;0,413;0;0,086
"fixer";0,062;0,475;0,091;0,188;0,002;0,563
"fin";0,27;0,035;0,968;0,676;0,024;0,233
"compte";0,05;0,094;0,476;0,683;0;0,499
"texte";0,32;0,205;0,021;0,765;0,617;0,762
"technique";0,091;0,617;0,035;0,388;0,662;0,173
"prochain";0,017;0,205;0,021;0,32;0,015;0,762
"participer";0,033;0,145;0,726;0,022;0,762;0,086
"ordre";0,05;0,416;0,123;0,683;0,176;0,822
"oeuvre";0,062;0,11;0,991;0,004;0,12;0,132
"niveau";0,132;0,198;0,173;0,203;0,001;0,225
"convenir";0,197;0,363;0;0,197;0,352;0,913
"conclusion";0,05;0,416;0,123;0,056;0,524;0,115
"chancelier";0,665;0,904;0,418;0,013;0,109;0,257
"trouver";0,401;0,617;0,126;0,086;0,044;0,173
"principe";0,062;0,863;0,001;0,188;0,164;0,132
"ouest";0,563;0,198;0,536;0,002;0,391;0,225
"note";0,593;0,944;0,168;0,826;0,642;0,1
"intéresser";0,041;0,442;0,029;0,593;0,245;0,1
"informer";0,021;0,238;0,85;0,376;0,513;0,15
"hallstein";0,563;0,797;0,108;0,028;0,086;0,225
"engager";0,041;0,944;0,568;0,593;0,063;0,913
"consultatif";0,475;0,171;0,163;0,863;0,316;0,071
"commission";0,337;0,761;0,464;0,493;0,31;0,633
"adresser";0,493;0,033;0,464;0,891;0,612;0,151
"aboutir";0,017;0,041;0,415;0,013;0,074;0,266
"territoire";0,132;0,198;0,009;0,132;1;0,043
"suivant";0,033;0,855;0,044;0,413;0,325;0,086
"possibilité";0,683;0,094;0,908;0,237;0;0,499
"participation";0,041;0,944;0,168;0,013;0,352;0,443
"manière";0,197;0,442;0,065;0,826;0,001;0,1
"suite";0,935;0,855;0,22;0,512;0,705;1
"seul";0,027;0,772;0,645;0,034;0,138;0,345
"pied";0,091;0,655;0,126;0,086;0,044;0,173
"italien";0,11;0,171;0,019;0,863;0,316;0,071
"international";0,135;0,772;0,279;0,96;0,882;0,463
"fonction";0,075;0,128;0,464;0,891;0,31;0,001
"fois";0,075;0,128;0,464;0,132;0,001;0,151
"expert";0,159;0;0,203;0,159;0,841;1
"document";0,891;0,033;0,305;0,891;0,205;0,151
"pratique";0,191;0,263;0,304;0,191;0,019;0,88
"opinion";0,11;0,01;0,148;0,29;0,524;0,198
"initiative";0,11;0,171;0,148;0;0,855;0,198
"cour";0,11;0,171;0,655;0,863;0,316;0
"connaître";0,197;0,363;0,297;0,084;0,01;0,1
"cadre";0,337;0,128;0,107;0,02;0,011;0,151
"résulter";0,075;0,542;0,305;0,132;0,31;0,151
"recevoir";0,493;0,542;0,884;0,891;0,31;0,151
"moment";0,164;0,145;0,726;0,935;0,096;0,086
"mois";0,033;0,855;0,054;0,935;0,002;0,391
"intervenir";0,11;0,171;0,019;0,11;0,145;0,44
"exposer";0,197;0,442;0,168;0,197;0,642;0,913
"envoyer";0;0,694;0,85;0,376;0,009;0,304
"envisager";0,05;0,962;0,346;0,056;0,524;0,822
"crédit";0,132;0,797;0,173;0,563;0;0,225
"bretagne";0,401;0,148;0,535;0,01;0,22;0,173
"sujet";0,33;0,944;0,568;0,197;0,642;0,443
"résultat";0,05;0,094;0,908;0,715;0,005;0,822
"producteur";0,191;0,263;0,033;0,191;0,167;0,88
"pari";0,337;0,542;0,107;0,493;0,011;0,633
"organisme";0,159;0,335;0,203;0,588;0,27;1
"janvier";0,159;0,904;0,418;0,159;0,004;0,257
"coopération";0,075;0,542;0,107;0,02;0,076;0,633
"élaboration";0,05;0,363;0,346;0,254;0,524;0,822
"tâche";0,062;0,052;0,091;0,782;0,022;0,563
"souveraineté";0,159;0,228;0,817;0;0,483;0,257
"solution";0,132;0,198;0,536;0,028;0,391;0,225
"règlement";0,159;0,228;0,418;0,129;0,483;0,257
"représenter";0,062;0,11;0,991;0,188;0,022;0,563
"parvenir";0,935;0,855;0,005;0,935;0,289;0,086
"notamment";0,075;0,128;0,464;0,132;0,011;0,633
"nato";0,23;0,837;0,277;0,23;0,006;0,747
"milliard";0,277;0,352;0,325;0,907;0,001;0,381
"groupe";0,091;0,001;0,126;0,401;0,22;0,71
"dépense";0,23;0,304;0,277;0,23;0;0,747
"décider";0,164;0,316;0,662;0,512;0,325;0,086
"droit";0,159;0,904;0,064;0,665;0,841;1
"créer";0,062;0,475;0,401;0,035;0,12;0,563
"constituer";0,062;0,863;0,388;0,603;0,12;0,132
"belge";0,159;0,041;0,418;0,588;0,483;0,257
"actuellement";0,683;0,416;0,123;0,254;0,937;0,115
"éviter";0,041;0,363;0,168;0,826;0,642;0,324
"unique";0,159;0,228;0,203;0,001;0,27;0,257
"tonne";0,334;0,409;0,382;0,334;0;0,437
"répondre";0,237;0,962;0,476;0,254;0,524;0,115
"rester";0,164;0,855;0,662;0,413;0,096;0,086
"modification";0,11;0,702;0,019;0,863;0,316;0,44
"importance";0,091;0,148;0,23;0,401;0,005;0,71
"déconcentration";0,334;0,409;0,001;0,71;0,271;0,437
"disposer";0,075;0,542;0,884;0,132;0,076;0,151
"date";0,132;0,198;0,173;0,563;0,01;0,043
"cas";0,863;0,702;0,163;0,475;0,524;0,198
"allié";0,406;0,477;0,375;0,025;0,344;0,504
"adenauer";0,728;0,797;0,536;0,028;0,086;0,225
"vie";0,11;0,171;0,617;0,052;0,023;0,198
"sentiment";0,01;0,617;0,126;0,991;0,662;0,173
"sarrois";0,334;0,409;0,047;0,334;0,271;0,02
"réunir";0,075;0,542;0,884;0,891;0,612;0,001
"régler";0,23;0,837;0,014;0,23;0,494;0,334
"réarmement";0,277;0,352;0,325;0;0,901;0,381
"présent";0,991;0,655;0,535;0,991;0,22;0,173
"nouvelle";0,132;0,797;0,173;0,028;0,086;0,225
"méthode";0,132;0,198;0,536;0,728;0,01;0,225
"montrer";0,075;0,542;0,884;0,337;0;0,151
"loi";0,132;0,198;0,173;0,563;0,086;0,002
"fonds";0,785;0,975;0,939;0,191;0,019;0,293
"entrée";0,159;0,228;0,418;0,665;0,483;0,001
"cause";0,475;0,547;0,617;0,11;0,145;0,44
"caractère";0,091;0,655;0,23;0,401;0,22;0,71
"avis";0,091;0,655;0,535;0,086;0,22;0,173
"atteindre";0,091;0,617;0,126;0,388;0;0,173
"approvisionnement";0,132;0,797;0,108;0,563;0,086;0,225
"strasbourg";0,926;0,304;0,277;0,034;0,171;0,107
"signature";0,091;0,617;0;0,991;0,255;0,173
"sentir";0,401;0,148;0,771;0,991;0,005;0,173
"semaine";0,401;0,655;0,035;0,991;0,726;0,173
"rôle";0,337;0,223;0,464;0,493;0,31;0,151
"recommander";0,334;0,409;0,382;0,334;0,169;0,02
"rappeler";0,062;0,052;0,991;0,782;0,413;0,563
"paraître";0,075;0,761;0,884;0,891;0,011;0,151
"nombre";0,132;0,198;0,536;0,563;0,086;0,346
"mai";0,475;0,702;0,617;0,052;0,524;0,198
"limite";0,132;0,797;0,173;0,563;0,01;0,346
"finance";0,11;0,702;0,655;0,11;0,002;0,797
"contrôle";0,132;0,198;0,108;0,728;0,391;0,893
"confier";0,041;0,944;0,065;0,084;0,642;0,062
"cartel";0,334;0,409;0,001;0,334;0,891;0,437
"armée";0,277;0,352;0,325;0;0,901;0,381
"affecter";0,475;0,547;0,148;0,475;0,002;0,198
"étude";0,159;0,904;0,817;0,159;0;0,257
"établissement";0,11;0,702;0,148;0,29;0,145;0,44
"washington";0,991;0,148;0,126;0,086;0,044;0,173
"système";0,23;0,304;0,277;0,034;0,087;0,334
"répartition";0,334;0,409;0,578;0,71;0,891;0,437
"reconnaître";0,062;0,29;0,086;0,782;0,413;0,132
"présenter";0,05;0,962;0,346;0,715;0,005;0,499
"propre";0,11;0,171;0,148;0;0,145;0,198
"progrès";0,23;0,304;0,921;0,034;0,494;0,334
"personnel";0,728;0,198;0,71;0,203;0,391;0,225
"partir";0,091;0,617;0,771;0,991;0,044;0,71
"maintenir";0,11;0,547;0,148;0,863;0,023;0,797
"laisser";0,132;0,198;0,536;0,028;1;0,893
"fonctionnement";0,277;0,682;0,761;0,186;0,901;0,381
"final";0,401;0,617;0,23;0,401;0,662;0,536
"exercer";0,159;0,228;0,418;0,665;0,27;0,257
"discuter";0,891;0,542;0,005;0,337;0,612;0,633
"différent";0,132;0,797;0,173;0,203;0,01;0,225
"copie";0;0,108;0,814;0,197;0,02;0,1
"continuer";0,159;0,002;0,203;0,665;0,27;0,257
"attendre";0,401;0,617;0,535;0,086;0,22;0,173
"association";0,191;0,263;0,939;0,005;0,671;0,293
"annexe";0,091;0,655;0,23;0,401;0,662;0,536
"amérique";0,191;0,263;0,237;0,005;0,167;0,293
"transitoire";0,159;0,228;0;0,665;0,483;0,257
"terminer";0,075;0,761;0,057;0,891;0,31;0,151
"souhaiter";0,991;0,617;0,771;0,388;0,662;0,173
"relèvement";0,132;0,198;0,173;0,203;0,001;0,225
"rapidement";0,446;0,975;0,939;0,191;0,671;0,88
"particulièrement";0,11;0,112;0,617;0,475;0,023;0,198
"participant";0,191;0,263;0,939;0,073;0,595;0,176
"paix";0,159;0,904;0,817;0,001;0,483;0,257
"occasion";0,075;0,761;0,464;0,132;0,31;0,633
"nécessité";0,11;0,171;0,148;0,29;0,002;0,797
"matin";0,728;0,797;0,536;0,132;1;0,346
"fondamental";0,665;0,228;0,817;0,665;0,004;0,257
"délai";0,11;0,702;0,617;0,29;0,145;0,797
"déclaration";0,11;0,702;0,163;0,29;0,855;0,797
"direct";0,159;0,228;0,817;0,001;0,841;0,257
"convention";0,159;0,228;0,004;0,665;0,483;0,257
"contribuer";0,665;0,228;0,203;0,129;0,045;0,257
"constitution";0,401;0,148;0,771;0,086;0,726;0,536
"concentration";0,406;0,477;0,011;0,406;0,636;0,504
"assurance";0,891;0,761;0,464;0,337;0,31;0,633
"unité";0,665;0,904;0,418;0,588;0,841;0,257
"titre";0,891;0,128;0,884;0,493;0,076;0,151
"suivre";0,237;0,962;0,077;0,254;0,005;0,115
"résolution";0,132;0,198;0,173;0,728;0,001;0,893
"règle";0,277;0,352;0,111;0,186;0,901;0,381
"responsabilité";0,132;0,797;0,173;0,728;0,01;0,893
"rapide";0,337;0,128;0,107;0,002;0,31;0,633
"préparer";0,05;0,077;0,018;0,683;0,131;0,822
"peuple";0,132;0,198;0,173;0;1;0,893
"octobre";0,132;0,44;0,173;0,563;0,01;0,893
"mission";0,132;0,198;0,71;0,728;0,086;0,346
"liaison";0,277;0,352;0,325;0,907;0,001;0,381
"juillet";0,23;0,304;0,277;0,23;0,494;0
"faciliter";0,159;0,904;0,817;0,665;0,004;0,257
"exécutif";0,907;0,682;0,325;0,907;0,322;0,381
"expliquer";0,785;0,975;0,939;0,785;0,167;0,293
"exiger";0,132;0,797;0,71;0,728;0,01;0,225
"examiner";0,062;0,475;0,388;0,004;0,935;0,132
"emprunt";0,406;0,477;0,452;0,406;0,001;0,504
"désigner";0,191;0,975;0,939;0,191;0,671;0,011
"domaine";0,23;0,304;0,921;0,31;0,087;0,334
"commande";0,334;0,409;0,382;0,334;0;0,437
"ajouter";0,091;0,655;0,535;0,401;0;0,173
"équipement";0,11;0,171;0,148;0,475;0;0,198
"économie";0,277;0,08;0,325;0,277;0,035;0,381
"utile";0,863;0,547;0,148;0,052;0,855;0,198
"travailleur";0,406;0,477;0,375;0,406;0,059;0,504
"supranational";0,277;0,352;0,325;0,011;0,901;0,599
"supplémentaire";0,191;0,263;0,237;0,785;0,019;0,176
"suggérer";0,159;0,228;0,817;0,588;0,004;0,257
"soir";0,129;0,228;0,418;0,588;0,483;0,257
"rédaction";0,159;0,335;0;0,665;0,109;0,257
"reconnaissant";0,02;0,761;0,464;0,337;0,8;0,151
"prêt";0,159;0,228;0,064;0,159;0,004;0,257
"prier";0,863;0,547;0,617;0,475;0,524;0,797
"placer";0,091;0,148;0,535;0,01;0,044;0,173
"opération";0,334;0,409;0,382;0,71;0,009;0,437
"modifier";0,23;0,837;0,199;0,926;0,494;0,334
"mentir";0,191;0,975;0,304;0,785;0,167;0,293
"mccloy";0,71;0,409;0,047;0,71;0,271;0,437
"matériel";0,23;0,304;0,277;0,926;0;0,334
"luxembourgeois";0,23;0,15;0,014;0,926;0,171;0,334
"long";0,132;0,797;0,173;0,132;0;0,893
"instruction";0,334;0,508;0,578;0,334;0,891;0,437
"information";0,23;0,15;0,921;0,926;0,494;0,334
"grave";0,191;0,975;0,237;0,446;0,019;0,293
"fournir";0,159;0,228;0,817;0,159;0;0,257
"exprimer";0,11;0,171;0,019;0,29;0,524;0,198
"examen";0,062;0,052;0,388;0,283;0,935;0,728
"estimer";0,132;0,44;0,71;0,203;0,391;0,225
"esprit";0,159;0,228;0,203;0,013;0,27;1
"entretien";0,446;0,975;0,939;0,446;0,595;0,293
"empêcher";0,191;0,975;0,237;0,073;0,167;0,293
"développer";0,11;0,702;0,148;0,29;0,002;0,198
"décret";0,23;0,837;0,277;0,23;0,494;0,004
"début";0,091;0,163;0,771;0,991;0,255;0,108
"confirmer";0,926;0,304;0,277;0,23;0,006;0,747
"clause";0,159;0,904;0;0,159;0,483;0,257
"chef";0,091;0,019;0,771;0,991;0,726;0,71
"charbonnage";0,191;0,975;0,304;0,191;0,019;0,293
"atlantique";0,23;0,304;0,277;0,31;0,006;0,334
"appeler";0,091;0,163;0,126;0,991;0,044;0,71
"aider";0,191;0,263;0,939;0,446;0,019;0,293
"évident";0,11;0,171;0,655;0;0,855;0,198
"voie";0,401;0,148;0,126;0,086;0,005;0,173
"veiller";0,191;0,263;0,237;0,073;0,019;0,293
"utiliser";0,091;0,617;0,126;0,388;0;0,173
"tarif";0,334;0,409;0,047;0,71;0,891;0,437
"sein";0,337;0,761;0,464;0,493;0,8;0,633
"révision";0,23;0,304;0,277;0,31;0,087;0,747
"rythme";0,23;0,304;0,277;0,926;0;0,334
"préoccupation";0,11;0,171;0,163;0,29;0,145;0,198
"procédure";0,191;0,263;0,304;0,446;0,167;0,293
"ouvrir";0,11;0,547;0,163;0,29;0,855;0,198
"nature";0,091;0,617;0,126;0,388;0;0,173
"marshall";0,926;0,304;0,277;0,23;0;0,334
"justice";0,132;0,797;0,536;0,728;0,391;0,043
"juin";0,23;0,837;0,921;0,23;0,087;0,747
"instituer";0,191;0,237;0,939;0,191;0,167;0,88
"importation";0,191;0,263;0,939;0,191;0;0,293
"immédiatement";0,091;0,655;0,535;0,991;0,005;0,173
"face";0,091;0,148;0,126;0,01;0,044;0,71
"définir";0,11;0,171;0,655;0,005;0,524;0,198
"destiner";0,191;0,237;0,939;0,785;0,167;0,293
"attirer";0,091;0,148;0,535;0,991;0,005;0,536
"absence";0,11;0,112;0,655;0,475;0,145;0,198
"égalité";0,191;0,975;0,033;0,785;0,595;0,88
"séparer";0,132;0,198;0,173;0,028;1;0,043
"suggestion";0,563;0,797;0,536;0,728;0,391;0,225
"spécial";0,159;0,335;0,418;0,665;0,27;0,257
"sauvegarde";0,334;0,409;0,047;0,71;0,891;0,437
"revenir";0,563;0,44;0,71;0,563;0,086;0,225
"responsable";0,191;0,263;0,237;0,073;0,019;0,293
"préparation";0,11;0,702;0,148;0,863;0;0,198
"préciser";0,159;0,228;0,064;0,665;0,27;1
"poser";0,091;0,655;0,23;0,401;0,22;0,71
"permanent";0,277;0,352;0,325;0,186;0,035;0,381
"parler";0,991;0,148;0,535;0,388;0,044;0,173
"outre_mer";0,277;0,352;0,761;0,277;0,322;0,054
"obstacle";0,159;0,904;0,418;0,588;0,27;0,257
"luxembourg";0,277;0,682;0,761;0,907;0,901;0,599
"indochine";0,406;0,477;0,452;0,482;0,059;0,504
"honneur";0,11;0,702;0,148;0,11;0;0,44
"fermer";0,191;0,263;0,237;0,446;0,001;0,293
"dépendre";0,23;0,304;0,277;0,31;0,006;0,334
"courant";0,475;0,547;0,148;0,475;0,002;0,198
"connaissance";0,563;0,797;0,71;0,132;0,01;0,893
"circonstance";0,191;0,263;0,304;0,446;0,167;0,293
"avenir";0,475;0,171;0,019;0,052;0,316;0,198
"approuver";0,191;0,263;0,237;0,785;0,019;0,176
"apparaître";0,401;0,148;0,126;0,086;0,005;0,173
"administration";0,665;0,228;0,203;0,665;0;0,257
"égard";0,191;0,237;0,304;0,191;0,671;0,88
"vote";0,132;0,198;0,536;0,203;1;0,346
"union";0,475;0,702;0,163;0,863;0,316;0,44
"transport";0,334;0,409;0,382;0,334;0;0,437
"soulever";0,132;0,797;0,536;0,728;1;0,346
"sembler";0,563;0,797;0,71;0,728;0,391;0,893
"réserve";0,926;0,304;0,199;0,23;0,087;0,334
"réorganisation";0,334;0,508;0,578;0,334;0,169;0,437
"réflexion";0,23;0,837;0,277;0,31;0,494;0,747
"réduction";0,334;0,409;0,382;0,334;0;0,437
"porter";0,563;0,198;0,71;0,563;0,086;0,346
"mener";0,191;0,975;0,237;0,446;0,019;0,293
"matière";0,926;0,304;0,921;0,926;0,087;0,334
"main_d_oeuvre";0,406;0,477;0,375;0,406;0,059;0,504
"lundi";0,277;0,352;0,111;0,277;0,322;0,599
"joint";0,23;0,15;0,199;0,926;0,732;0,334
"interministériel";0,191;0,975;0,033;0,191;0,167;0,293
"idée";0,785;0,263;0,237;0,005;0,671;0,293
"heure";0,563;0,198;0,173;0,563;0,001;0,893
"façon";0,191;0,975;0,237;0,785;0,001;0,293
"expérience";0,191;0,263;0,237;0,446;0,019;0,88
"espérer";0,563;0,797;0,71;0,203;0,391;0,225
"entretenir";0,132;0,797;0,108;0,563;0,391;0,893
"engagement";0,191;0,263;0,033;0,191;0,167;0,88
"effectif";0,277;0,352;0,325;0,907;0,001;0,381
"dévoué";0;0,263;0,237;0,191;0,671;0,293
"déterminer";0,11;0,547;0,655;0,863;0,145;0,198
"devenir";0,159;0,904;0,203;0,129;0,045;0,257
"danger";0,665;0,904;0,203;0,129;0,27;0,257
"conformément";0,132;0,198;0,71;0,203;0,391;0,002
"concurrence";0,406;0,32;0,452;0,406;0,059;0,504
"collaborateur";0,23;0,837;0,277;0,23;0;0,334
"budget";0,23;0,304;0,921;0,23;0;0,334
"ami";0,31;0,304;0,277;0,31;0,494;0,334
"1er";0,277;0,352;0,325;0,277;0,035;0,054
"volonté";0,159;0,228;0,817;0,013;0,27;0,257
"transformation";0,406;0,477;0,452;0,482;0,059;0,504
"tiers";0,277;0,682;0,761;0,907;0,322;0,381
"sécurité";0,23;0,304;0,277;0,926;0;0,334
"succès";0,087;0,409;0,382;0,71;0,891;0,437
"social";0,277;0,08;0,761;0,277;0,322;0,381
"servir";0,132;0,797;0,173;0,728;0,001;0,225
"risquer";0,563;0,797;0,173;0,203;0,086;0,225
"ration";0,482;0,477;0,452;0,406;0,059;0,504
"péréquation";0,23;0,837;0,199;0,31;0,732;0,334
"profession";0,334;0;0,382;0,334;0,891;0,437
"passer";0,191;0,237;0,237;0,446;0,167;0,293
"nom";0,159;0,228;0,817;0,001;0,841;0,257
"midi";0,028;0,44;0,71;0,563;0,086;0,893
"mayer";0,907;0,352;0,111;0,907;0,901;0,381
"intégration";0,191;0,263;0,237;0;0,671;0,293
"interlocuteur";0,191;0,263;0,939;0,073;0,671;0,88
"insister";0,159;0,904;0,203;0,159;0,004;0,257
"immédiat";0,159;0,335;0,203;0,588;0,045;0,257
"hirsch";0,926;0,837;0,921;0,926;0,494;0,334
"garantie";0,23;0,304;0;0,23;0,732;0,334
"fait";0,159;0,041;0,817;0,588;0,841;0,257
"etc";0,277;0,682;0,325;0,186;0,322;0,381
"entrer";0,23;0,304;0,277;0,034;0,494;0,747
"départ";0,446;0,263;0,939;0,785;0,671;0,88
"déclarer";0,277;0,352;0,111;0,277;0,322;0,599
"décembre";0,159;0,228;0,064;0,159;0,004;0,257
"débat";0,191;0,263;0,237;0,073;0,167;0,88
"directement";0,132;0,44;0,173;0,203;1;0,346
"courir";0,191;0,975;0,939;0,446;0,167;0,293
"convaincre";0,23;0,837;0,277;0,31;0,494;0,747
"conclure";0,23;0,304;0,014;0,926;0,494;0,334
"complet";0,926;0,304;0,921;0,31;0,494;0,334
"charge";0,23;0,304;0,277;0,926;0;0,334
"bonn";0,71;0,409;0,047;0,71;0,271;0,437
"belgique";0,406;0,32;0,375;0,406;0,636;0,504
"bas";0,406;0,477;0,375;0,482;0,636;0,504
"arrêter";0,159;0,904;0,064;0,665;0,27;0,257
"appartenir";0,563;0,44;0,173;0,203;0,391;0,225
"anglais";0,446;0,263;0,237;0,446;0,167;0,293
"allocation";0,406;0,477;0,452;0,406;0,001;0,504
"agréer";0,277;0,682;0,761;0,277;0,901;0,054
"étendre";0,159;0,904;0,203;0,588;0,045;1
"élection";0,191;0,263;0,237;0;0,137;0,176
"échange";0,23;0,837;0,921;0,23;0,006;0,334
"véritable";0,191;0,263;0,237;0,446;0,001;0,293
"utilisation";0,23;0,304;0,277;0,23;0;0,747
"total";0,191;0,263;0,237;0,785;0;0,293
"supérieur";0,159;0,904;0,817;0,159;0;0,257
"soudure";0,71;0,409;0,382;0,334;0,009;0,437
"session";0,23;0,837;0,277;0,926;0,732;0,004
"secrétaire";0,23;0,304;0,277;0,23;0,087;0,004
"salaire";0,277;0,682;0,325;0,907;0,035;0,381
"réserver";0,132;0,797;0,009;0,728;0,391;0,893
"régime";0,23;0,837;0,199;0,31;0,732;0,334
"réel";0,191;0,263;0,237;0,073;0,019;0,293
"risque";0,159;0,228;0,203;0,001;0,841;1
"reconstruction";0,23;0,304;0,277;0,23;0;0,334
"ratification";0,926;0,837;0,199;0,926;0,171;0,747
"portée";0,23;0,304;0,199;0,31;0,494;0,334
"opposition";0,277;0,352;0,761;0,011;0,901;0,381
"ligne";0,277;0,352;0,325;0,277;0;0,381
"juger";0,926;0,837;0,921;0,31;0,732;0,334
"guerre";0,23;0,837;0,277;0,001;0,732;0,334
"financer";0,334;0,409;0,382;0,334;0,009;0,437
"expression";0,277;0,352;0,761;0,186;0,322;0,381
"existence";0,277;0,682;0,325;0,907;0,035;0,381
"essentiellement";0,191;0,263;0,939;0,785;0,001;0,293
"détermination";0,406;0,477;0,452;0,025;0,636;0,504
"désirer";0,334;0,409;0,382;0,71;0,009;0,437
"définitif";0,191;0,263;0,033;0,785;0,167;0,293
"difficile";0,159;0,904;0,817;0,665;0,045;1
"contrepartie";0,191;0,263;0,237;0,446;0,001;0,293
"consulter";0,334;0,032;0,382;0,334;0,891;0,437
"consultation";0,406;0,477;0,375;0,406;0,059;0,504
"confidentiel";0,926;0,15;0,921;0,926;0,732;0,334
"concours";0,191;0,02;0,237;0,785;0,167;0,293
"compétence";0,191;0,02;0,304;0,785;0,595;0,293
"composer";0,277;0,08;0,325;0,907;0,322;0,381
"commercial";0,23;0,837;0;0,23;0,732;0,334
"coke";0,277;0,08;0,761;0,277;0,322;0,381
"benelux";0,23;0,304;0,199;0,034;0,732;0,334
"avril";0,277;0,352;0,761;0,277;0,901;0,001
"autonome";0,23;0,304;0,921;0,926;0,006;0,334
"arriver";0,665;0,904;0,418;0,588;0,841;0,257
"appui";0,23;0,304;0,199;0,034;0,732;0,334
"accroissement";0,277;0,352;0,325;0,277;0;0,381
"évolution";0,785;0,975;0,237;0,073;0,671;0,293
"épargner";0,406;0,477;0,452;0,406;0,001;0,504
"éliminer";0,406;0,477;0,452;0,025;0,636;0,504
"élargir";0,785;0,975;0,237;0,446;0,595;0,176
"vigueur";0,406;0,477;0,011;0,482;0,344;0,504
"télégramme";0,31;0,837;0,277;0,926;0,494;0,334
"supranationale";0,277;0,352;0,325;0;0,215;0,381
"saisir";0,334;0,409;0,578;0,71;0,169;0,437
"récent";0,334;0,508;0,047;0,334;0,891;0,437
"rené";0,406;0,477;0,011;0,482;0,344;0,504
"rencontrer";0,907;0,352;0,761;0,186;0,901;0,381
"rechercher";0,23;0,304;0,921;0,001;0,732;0,334
"précis";0,191;0,263;0,939;0,785;0,001;0,293
"procédé";0,277;0,682;0,325;0,277;0,001;0,381
"priorité";0,334;0,409;0,382;0,71;0,009;0,437
"place";0,191;0,237;0,304;0,785;0,671;0,293
"perspective";0,23;0,304;0,277;0,001;0,494;0,334
"parlementaire";0,277;0,352;0,325;0,011;0,901;0,599
"nommer";0,191;0,263;0,237;0,191;0,595;0
"naturellement";0,186;0,352;0,325;0,186;0,901;0,381
"nation";0,23;0,837;0,199;0,926;0,494;0,334
"marquer";0,159;0,041;0,203;0,129;0,483;1
"mandat";0,23;0,837;0,277;0,034;0,171;0,107
"maintien";0,406;0,32;0,452;0,482;0,636;0,504
"limité";0,23;0,304;0,921;0,926;0,087;0,747
"intégrer";0,926;0,304;0,277;0,001;0,732;0,334
"intervention";0,406;0,477;0,375;0,406;0,059;0,504
"industriel";0,23;0,837;0,921;0,926;0,087;0,334
"impossible";0,31;0,837;0,277;0,926;0,732;0,747
"homme";0,277;0,352;0,325;0,186;0,035;0,381
"heureux";0,665;0,335;0,817;0,665;0,841;1
"entendre";0,907;0,352;0,761;0,011;0,215;0,381
"doute";0,191;0,237;0,939;0,191;0,167;0,88
"division";0,277;0,352;0,325;0,011;0,322;0,381
"couvrir";0,191;0,263;0,304;0,191;0,001;0,293
"contraire";0,785;0,263;0,237;0,785;0,001;0,293
"contenir";0,334;0,409;0,382;0,334;0;0,437
"consacrer";0,23;0,15;0,277;0,926;0,087;0,334
"comporter";0,277;0,352;0,325;0,277;0,001;0,599
"communiqué";0,907;0,08;0,325;0,186;0,215;0,381
"communication";0,406;0,007;0,452;0,406;0,636;0,504
"commissaire";0,406;0,32;0,452;0,406;0,059;0,504
"commerce";0,406;0,32;0,375;0,406;0,636;0,504
"chiffre";0,23;0,837;0,277;0,926;0,006;0,334
"blé";0,482;0,477;0,452;0,406;0,059;0,504
"balancer";0,23;0,304;0,277;0,31;0,006;0,334
"avance";0,277;0,352;0,761;0,907;0,322;0,599
"attitude";0,277;0,08;0,325;0,186;0,901;0,381
"assister";0,159;0,041;0,817;0,159;0,045;0,257
"août";0,785;0,263;0,237;0,191;0,595;0
"adresse";0,446;0,975;0,237;0,785;0,167;0,293
"achèvement";0,334;0,508;0,578;0,71;0,891;0,437
"accroître";0,277;0,352;0,325;0,907;0,001;0,381
"accompagner";0,785;0,237;0,237;0,446;0,671;0,293
"étroit";0,277;0,682;0,325;0,186;0,322;0,381
"étape";0,334;0,508;0,382;0,002;0,271;0,437
"équilibre";0,159;0,228;0,203;0,159;0;1
"élément";0,277;0,682;0,325;0,907;0,035;0,381
"viser";0,191;0,263;0,033;0,785;0,671;0,88
"vertu";0,23;0,837;0,199;0,926;0,494;0,334
"uni";0,334;0,409;0,382;0,002;0,891;0,437
"ultérieur";0,191;0,263;0,304;0,446;0,167;0,293
"sûr";0,926;0,837;0,277;0,23;0,494;0,107
"syndical";0,334;0,508;0,001;0,334;0,271;0,437
"soutenir";0,277;0,352;0,325;0,011;0,322;0,381
"siège";0,277;0,682;0,111;0,277;0,215;0,054
"septembre";0,665;0,228;0,203;0,129;0,109;0,001
"robert";0,277;0,682;0,761;0,186;0,901;0,381
"puissance";0,277;0,682;0,111;0,186;0,215;0,381
"produire";0,23;0,304;0,277;0,23;0;0,334
"procéder";0,23;0,837;0,277;0,23;0,494;0,004
"privé";0,277;0,08;0,761;0,277;0,322;0,381
"mécanique";0,406;0,477;0,452;0,482;0,059;0,504
"montant";0,277;0,352;0,761;0,907;0,035;0,381
"monde";0,23;0,304;0,277;0,034;0,087;0,334
"minerai";0,23;0,837;0;0,23;0,732;0,334
"manquer";0,23;0,304;0,277;0,23;0;0,747
"livraison";0,277;0,352;0,325;0,277;0;0,381
"limiter";0,277;0,352;0,325;0,907;0,001;0,381
"large";0,159;0,904;0,203;0,013;0,27;0,257
"jouer";0,23;0,15;0,277;0,034;0,732;0,334
"italie";0,191;0,975;0,033;0,785;0,595;0,88
"intérieur";0,191;0,263;0,237;0,785;0;0,293
"indépendamment";0,277;0,352;0,325;0,011;0,322;0,381
"imposer";0,277;0,682;0,325;0,186;0,322;0,381
"hollandais";0,406;0,32;0,452;0,482;0,636;0,504
"harriman";0,406;0,32;0,452;0,406;0,059;0,504
"formule";0,23;0,304;0;0,926;0,732;0,334
"favorable";0,334;0,032;0,382;0,71;0,891;0,437
"entièrement";0,277;0,08;0,325;0,907;0,322;0,381
"effectuer";0,334;0,409;0,382;0,71;0,009;0,437
"département";0,23;0,008;0,199;0,23;0,732;0,334
"douanier";0,23;0,304;0;0,926;0,732;0,334
"dollar";0,406;0,477;0,452;0,406;0,001;0,504
"direction";0,23;0,15;0,277;0,034;0,732;0,334
"demeurer";0,277;0,682;0,325;0,186;0,322;0,381
"cordialement";0,025;0,477;0,452;0,406;0,636;0,504
"coordination";0,334;0,409;0,382;0,334;0;0,437
"continent";0,277;0,682;0,325;0;0,215;0,381
"constant";0,23;0,304;0,277;0,926;0;0,334
"compromettre";0,406;0,477;0,452;0,482;0,059;0,504
"commissariat";0,277;0,682;0,325;0,277;0,001;0,381
"changement";0,277;0,352;0,325;0,186;0,035;0,381
"chambre";0,334;0,508;0,047;0,334;0,271;0,437
"capital";0,334;0,508;0,578;0,71;0,891;0,437
"bonnet";0,482;0,477;0,452;0,406;0,059;0,504
"augmenter";0,926;0,304;0,277;0,23;0,006;0,747
"augmentation";0,334;0,409;0,382;0,334;0;0,437
"attribuer";0,665;0,228;0,817;0,159;0,045;0,257
"attacher";0,23;0,304;0,277;0,034;0,087;0,334
"assumer";0,191;0,237;0,939;0,191;0,019;0,293
"approbation";0,277;0,682;0,761;0,277;0,035;0,381
"annuel";0,23;0,304;0,277;0,926;0;0,334
"accomplir";0,191;0,263;0,237;0,005;0,167;0,293
"étudier";0,23;0,304;0,277;0,31;0,087;0,747
"élire";0,334;0,409;0,382;0,71;0,271;0
"électricité";0,406;0,477;0,452;0,406;0,001;0,504
"élaborer";0,191;0,975;0,939;0,073;0,595;0,88
"écarter";0,23;0,837;0,199;0,926;0,732;0,747
"wehrer";0,334;0,032;0,382;0,087;0,271;0,437
"urgent";0,277;0,352;0,325;0,186;0,035;0,381
"universel";0,277;0,352;0,325;0,011;0,322;0,381
"trésor";0,406;0,477;0,452;0,406;0,001;0,504
"transmettre";0,277;0,352;0,111;0,277;0,322;0,599
"tcc";0,406;0,32;0,452;0,406;0,059;0,504
"substituer";0,334;0,409;0,578;0,087;0,891;0,437
"stade";0,277;0,352;0,325;0;0,901;0,381
"sortir";0,334;0,508;0,578;0,087;0,271;0,437
"réalité";0,334;0,409;0,578;0,002;0,271;0,437
"reprendre";0,23;0,304;0;0,23;0,732;0,747
"renforcer";0,191;0,975;0,939;0,446;0,167;0,293
"remercier";0,277;0,08;0,325;0,277;0,901;0,054
"recueillir";0,334;0,032;0,382;0,334;0,169;0,437
"pénurie";0,406;0,32;0,375;0,406;0,636;0,504
"présidence";0,334;0,032;0,578;0,334;0,891;0,437
"proposé";0,277;0,352;0,761;0,277;0,001;0,381
"prononcer";0,23;0,304;0,199;0,926;0,087;0,334
"professionnel";0,406;0,32;0,452;0,406;0,636;0,265
"presse";0,23;0,304;0,921;0,034;0,494;0,334
"pratiquement";0,277;0,352;0,111;0,277;0,035;0,381
"positif";0,334;0,508;0,382;0,002;0,271;0,437
"organiser";0,277;0,682;0,325;0,011;0,901;0,381
"opposer";0,406;0,477;0,452;0,482;0,059;0,504
"offrir";0,907;0,352;0,325;0,186;0,322;0,381
"nombreux";0,334;0,409;0,382;0,334;0;0,437
"milieu";0,23;0,837;0,921;0,926;0,087;0,334
"mentionner";0,907;0,682;0,761;0,907;0,215;0,599
"limitation";0,334;0,409;0,382;0,087;0,169;0,437
"lier";0,23;0,304;0,199;0,31;0,494;0,334
"indépendance";0,191;0,263;0,939;0,191;0,001;0,88
"incompatible";0,277;0,682;0,325;0,186;0,901;0,599
"ii";0,191;0,263;0,001;0,785;0,595;0,88
"garantir";0,406;0,477;0,375;0,406;0,059;0,504
"février";0,277;0,682;0,761;0,907;0,901;0,599
"formuler";0,277;0,352;0,111;0,907;0,322;0,381
"fonctionnaire";0,277;0,682;0,761;0,907;0,322;0,381
"faveur";0,23;0,15;0,277;0,001;0,171;0,334
"extérieur";0,334;0,409;0,382;0,334;0;0,437
"extension";0,277;0,352;0,325;0,907;0,035;0,599
"exploitation";0,406;0,32;0,452;0,406;0,059;0,504
"exister";0,277;0,352;0,111;0,907;0,322;0,381
"existant";0,406;0,477;0,011;0,406;0,636;0,504
"entraîner";0,406;0,477;0,452;0,482;0,059;0,504
"emploi";0,334;0,409;0,382;0,334;0;0,437
"désir";0,334;0,032;0,382;0,71;0,891;0,437
"déficit";0,334;0,409;0,382;0,334;0;0,437
"directeur";0,277;0,682;0,325;0,907;0,035;0,381
"différence";0,334;0,409;0,578;0,71;0,169;0,437
"coup";0,71;0,409;0,382;0,334;0,169;0,437
"correspondant";0,334;0,409;0,578;0,71;0,169;0,437
"continental";0,334;0,409;0,382;0;0,271;0,437
"constater";0,23;0,837;0,921;0,31;0,494;0,334
"confiance";0,334;0,409;0,382;0,334;0,009;0,437
"conduire";0,406;0,477;0,452;0,025;0,636;0,504
"compromis";0,277;0,352;0,761;0,186;0,322;0,381
"communiquer";0,71;0,409;0,382;0,71;0,169;0,437
"commencer";0,23;0,304;0,921;0,001;0,732;0,334
"choix";0,71;0,409;0,382;0,334;0,891;0,02
"bref";0,23;0,304;0,277;0,034;0,087;0,334
"auprès_de";0,334;0,508;0,382;0,71;0,169;0,437
"associer";0,406;0,477;0,452;0;0,344;0,504
"appliquer";0,23;0,837;0,199;0,23;0,087;0,334
"amener";0,23;0,837;0,277;0,31;0,087;0,334
"agricole";0,334;0,409;0,382;0,334;0;0,437
"adopter";0,334;0,409;0,382;0,334;0;0,437
"admettre";0,23;0,837;0,921;0,926;0,494;0,747
"acquérir";0,277;0,682;0,325;0,907;0,322;0,599
"acceptation";0,277;0,352;0,761;0,907;0,901;0,054
"éventuellement";0,087;0,409;0,382;0,71;0,891;0,437
"ultérieurement";0,334;0,409;0,382;0,087;0,169;0,437
"tentation";0,277;0,352;0,325;0;0,215;0,381
"sérieux";0,277;0,352;0,325;0,907;0,035;0,599
"série";0,334;0,508;0,382;0,334;0,009;0,437
"surmonter";0,277;0,352;0,325;0,011;0,322;0,381
"suffisant";0,277;0,352;0,325;0,186;0,035;0,381
"subordonné";0,406;0,477;0,375;0,025;0,344;0,504
"sorte";0,334;0,409;0,382;0,334;0;0,437
"simple";0,334;0,409;0,382;0,71;0,009;0,437
"secteur";0,406;0,477;0,375;0,406;0,059;0,504
"secrétariat";0,71;0,409;0,382;0,334;0,009;0,437
"satisfaisant";0,406;0,477;0,452;0,482;0,059;0,504
"sage";0,406;0,477;0,452;0,482;0,059;0,504
"réviser";0,277;0,352;0,111;0,186;0,901;0,381
"représentation";0,23;0,304;0,199;0,23;0,087;0,747
"reprise";0,334;0,032;0,382;0,71;0,891;0,437
"renoncer";0,406;0,477;0,375;0,025;0,344;0,504
"relever";0,277;0,352;0,111;0,907;0,901;0,599
"quantité";0,277;0,352;0,111;0,277;0,035;0,381
"précéder";0,277;0,682;0,111;0,907;0,901;0,381
"protection";0,406;0,32;0,452;0,482;0,636;0,504
"progressivement";0,406;0,477;0,375;0,482;0,636;0,504
"porte";0,406;0,32;0,452;0,406;0,059;0,504
"parer";0,334;0,409;0,382;0,71;0,169;0,437
"opposé";0,406;0,477;0,375;0,025;0,344;0,504
"officiellement";0,406;0,32;0,452;0,482;0,636;0,504
"occidental";0,277;0,352;0,761;0,186;0,322;0,381
"obligation";0,277;0,352;0,004;0,277;0,322;0,381
"minute";0,025;0,477;0,452;0,406;0,636;0,504
"maximum";0,334;0,508;0,382;0,334;0,009;0,437
"mardi";0,406;0,477;0,375;0,406;0,636;0,265
"majorité";0,277;0,352;0,325;0,186;0,322;0,599
"majeur";0,23;0,304;0,277;0,31;0,006;0,334
"main";0,406;0,32;0,452;0,406;0,059;0,504
"lisbonne";0,277;0,682;0,325;0,277;0,035;0,599
"libre";0,277;0,682;0,325;0,186;0,901;0,599
"largement";0,277;0,352;0,325;0,277;0;0,381
"intermédiaire";0,23;0,837;0,199;0,926;0,494;0,334
"intention";0,926;0,304;0,199;0,926;0,494;0,334
"inspirer";0,71;0,409;0,382;0,087;0,891;0,437
"iii";0,23;0,304;0,199;0,926;0,087;0,334
"i";0,277;0,682;0,761;0,907;0,322;0,381
"fusion";0,406;0,477;0,452;0,025;0,636;0,504
"finalement";0,23;0,304;0,921;0,926;0,087;0,747
"favoriser";0,406;0,32;0,452;0,482;0,636;0,504
"expansion";0,334;0,508;0,382;0,334;0,009;0,437
"exceptionnel";0,406;0,477;0,452;0,482;0,059;0,504
"entreprendre";0,277;0,682;0,325;0,907;0,035;0,381
"entier";0,277;0,682;0,111;0,277;0,322;0,381
"efficace";0,406;0,477;0,452;0,482;0,059;0,504
"détail";0,277;0,352;0,761;0,907;0,322;0,599
"désignation";0,23;0,304;0,199;0,23;0,171;0
"dépasser";0,277;0,352;0,325;0,907;0,001;0,381
"décisif";0,277;0,682;0,325;0,011;0,901;0,381
"destinée";0,334;0,032;0,578;0,71;0,271;0,437
"crainte";0,277;0,352;0,325;0,186;0,035;0,381
"convoquer";0,482;0,007;0,452;0,406;0,344;0,504
"consommateur";0,277;0,682;0,761;0,907;0,322;0,381
"consister";0,406;0,477;0,452;0,025;0,636;0,504
"considération";0,277;0,08;0,325;0,277;0,901;0,054
"consentir";0,23;0,304;0,921;0,926;0,087;0,747
"congrès";0,406;0,477;0,452;0,482;0,059;0,504
"conforme";0,334;0,409;0,578;0,71;0,169;0,437
"concurrent";0,406;0,32;0,375;0,406;0,636;0,504
"compléter";0,277;0,352;0,325;0,907;0,322;0,054
"commander";0,277;0,352;0,325;0,277;0,001;0,599
"collectif";0,334;0,409;0,382;0,71;0,009;0,437
"choisir";0,277;0,352;0,325;0,186;0,901;0,054
"but";0,406;0,477;0,452;0,482;0,059;0,504
"bruce";0,482;0,477;0,375;0,482;0,344;0,504
"britannique";0,334;0,508;0,382;0,087;0,891;0,437
"aussitôt";0,907;0,682;0,325;0,277;0,035;0,381
"arrangement";0,277;0,352;0,761;0,907;0,035;0,381
"apprécier";0,23;0,008;0,277;0,23;0,087;0,334
"ancien";0,406;0,477;0,452;0,482;0,636;0,265
"ajustement";0,334;0,409;0,382;0,334;0;0,437
"affectation";0,334;0,409;0,382;0,334;0;0,437
"évidemment";0,334;0,508;0,578;0,71;0,891;0,437
"élevé";0,406;0,477;0,452;0,482;0,059;0,504
"voter";0,71;0,409;0,382;0,087;0,891;0,437
"vivement";0,71;0,409;0,382;0,087;0,891;0,437
"valable";0,406;0,32;0,375;0,406;0,636;0,504
"unifier";0,406;0,477;0,452;0,025;0,344;0,265
"unification";0,334;0,409;0,382;0,002;0,891;0,437
"transférer";0,334;0,508;0,578;0,334;0,169;0,437
"tirer";0,334;0,409;0,382;0,334;0;0,437
"territorial";0,277;0,352;0;0,277;0,215;0,599
"tenue";0,406;0,32;0,452;0,406;0,059;0,504
"tendre";0,406;0,477;0,452;0,025;0,636;0,504
"tarder";0,277;0,352;0,761;0,186;0,901;0,599
"surplus";0,406;0,477;0,452;0,406;0,001;0,504
"suffire";0,277;0,352;0,325;0,277;0;0,381
"subsister";0,334;0,409;0;0,334;0,271;0,437
"sncf";0,406;0,477;0,452;0,406;0,001;0,504
"signer";0,907;0,682;0,111;0,907;0,215;0,381
"shape";0,406;0,477;0,452;0,406;0,001;0,504
"second";0,334;0,409;0,382;0,71;0,009;0,437
"réaction";0,71;0,409;0,382;0,002;0,271;0,437
"retard";0,334;0,409;0,382;0,334;0;0,437
"remplacer";0,406;0,477;0,452;0,482;0,059;0,504
"remise";0,334;0,508;0,578;0,71;0,891;0,437
"refuser";0,334;0,032;0,382;0,087;0,271;0,437
"recours";0,406;0,477;0,011;0,406;0,636;0,504
"reconstituer";0,334;0,409;0,047;0,087;0,271;0,437
"qualité";0,277;0,08;0,325;0,907;0,322;0,381
"purement";0,406;0,477;0,452;0,482;0,059;0,504
"prêter";0,277;0,352;0,325;0,907;0,001;0,381
"protocole";0,334;0,409;0,047;0,334;0,271;0,02
"pleinement";0,334;0,032;0,382;0,334;0,891;0,437
"phase";0,406;0,477;0,452;0,482;0,059;0,504
"partager";0,406;0,007;0,452;0,482;0,344;0,504
"pareil";0,334;0,508;0,578;0,334;0,169;0,437
"origine";0,334;0,409;0,382;0;0,271;0,437
"néerlandais";0,406;0,477;0,375;0,482;0,344;0,265
"nomination";0,406;0,477;0,452;0,406;0,344;0
"mutuel";0,334;0,409;0,382;0,334;0;0,437
"moderne";0,334;0,409;0,382;0,334;0;0,437
"ministère";0,334;0,409;0,382;0,334;0,009;0,437
"mercredi";0,087;0,409;0,578;0,334;0,891;0,437
"meilleur";0,334;0,508;0,578;0,334;0,169;0,437
"lumière";0,277;0,352;0,325;0,907;0,001;0,381
"local";0,406;0,477;0,452;0,406;0,001;0,504
"livrer";0,334;0,409;0,578;0,334;0,009;0,437
"lien";0,334;0,409;0,382;0,002;0,891;0,437
"joindre";0,334;0,409;0,382;0,087;0,169;0,437
"jeudi";0,406;0,32;0,375;0,406;0,636;0,504
"intérimaire";0,334;0,508;0,578;0,71;0,271;0,437
"intéressé";0,334;0,032;0,382;0,334;0,169;0,437
"instrument";0,334;0,409;0,382;0,087;0,169;0,437
"inscrire";0,277;0,682;0,325;0,277;0,322;0,054
"impression";0,406;0,477;0,452;0,482;0,059;0,504
"exemplaire";0,482;0,32;0,452;0,406;0,636;0,504
"exclusivement";0,334;0,409;0,382;0,71;0,169;0,437
"exception";0,334;0,409;0,578;0,334;0,169;0,437
"efficacité";0,406;0,477;0,452;0,482;0,059;0,504
"détriment";0,406;0,477;0,452;0,025;0,636;0,504
"définition";0,334;0,409;0,047;0,71;0,891;0,437
"défaut";0,334;0,409;0,382;0,71;0,009;0,437
"durée";0,334;0,409;0,382;0,334;0,009;0,437
"durable";0,406;0,477;0,452;0;0,344;0,504
"double";0,71;0,508;0,382;0,71;0,891;0,437
"donnée";0,334;0,409;0,578;0,71;0,169;0,437
"divergence";0,406;0,477;0,011;0,482;0,344;0,504
"disponible";0,71;0,409;0,382;0,334;0,009;0,437
"diminuer";0,334;0,508;0,382;0,334;0,009;0,437
"degré";0,406;0,477;0,452;0,406;0,001;0,504
"côté";0,406;0,477;0,452;0,482;0,059;0,504
"correspondre";0,334;0,409;0,382;0,334;0;0,437
"constamment";0,277;0,352;0,325;0,907;0,001;0,381
"conseiller";0,71;0,032;0,382;0,334;0,891;0,437
"compétent";0,406;0,32;0,452;0,406;0,059;0,504
"composition";0,406;0,477;0,452;0,482;0,636;0,265
"commandement";0,406;0,477;0,452;0,482;0,059;0,504
"clappier";0,002;0,409;0,382;0,71;0,271;0,437
"clairement";0,277;0,352;0,325;0,011;0,322;0,381
"chance";0,334;0,409;0,578;0,71;0,169;0,437
"bénéficier";0,334;0,508;0,382;0,71;0,169;0,437
"bilan";0,334;0,409;0,578;0,334;0,169;0,437
"avantage";0,277;0,682;0,325;0,011;0,901;0,381
"autoriser";0,334;0,409;0,382;0,334;0;0,437
"attribution";0,277;0,682;0,111;0,277;0,322;0,381
"argent";0,406;0,477;0,452;0,406;0,001;0,504
"apparait";0,277;0,352;0,325;0,186;0,215;0,001
"améliorer";0,406;0,477;0,452;0,482;0,059;0,504
"ambassadeur";0,334;0,409;0,382;0,002;0,891;0,437
"alinéa";0,334;0,508;0,578;0,71;0,891;0,437
"administratif";0,334;0,409;0,382;0,334;0,009;0,437
"ad_hoc";0,482;0,477;0,452;0,482;0,636;0,504
"accorder";0,71;0,409;0,382;0,334;0,009;0,437
"événement";0,406;0,477;0,452;0;0,344;0,504
"élu";0,334;0,409;0,578;0,71;0,271;0,02
"vraisemblablement";0,406;0,32;0,452;0,482;0,344;0,265
"veille";0,406;0,477;0,375;0,406;0,059;0,504
"vaste";0,334;0,508;0,382;0,087;0,891;0,437
"user";0,334;0,409;0,578;0,334;0,009;0,437
"urgence";0,406;0,477;0,452;0,406;0,001;0,504
"trait";0,406;0,477;0,375;0,482;0,636;0,504
"temporaire";0,334;0,409;0,578;0,334;0,009;0,437
"tableau";0,334;0,508;0,382;0,71;0,169;0,437
"suffisamment";0,71;0,508;0,382;0,334;0,891;0,437
"strictement";0,482;0,32;0,452;0,482;0,344;0,504
"stabilité";0,406;0,477;0,452;0,406;0,001;0,504
"spécialement";0,334;0,508;0,382;0,334;0,009;0,437
"spierenburg";0,406;0,477;0,375;0,025;0,344;0,504
"spaak";0,087;0,409;0,382;0,71;0,891;0,437
"souhaitable";0,406;0,477;0,375;0,482;0,636;0,504
"sommaire";0,406;0,32;0,452;0,406;0,636;0,265
"soin";0,406;0,477;0,452;0,482;0,059;0,504
"sidérurgies";0,406;0,32;0,375;0,406;0,636;0,504
"satisfaction";0,334;0,508;0,578;0,71;0,891;0,437
"samedi";0,406;0,32;0,375;0,406;0,636;0,504
"résultera";0,334;0,508;0,382;0,087;0,891;0,437
"république";0,406;0,477;0,452;0,406;0,344;0
"réellement";0,406;0,477;0,452;0,025;0,636;0,504
"ressort";0,406;0,32;0,375;0,406;0,636;0,504
"respecter";0,334;0,409;0,382;0,71;0,891;0,02
"recherche";0,334;0,409;0,047;0,71;0,891;0,437
"recette";0,334;0,409;0,382;0,334;0;0,437
"quart";0,406;0,32;0,452;0,406;0,059;0,504
"présentement";0,334;0,409;0,047;0,71;0,891;0,437
"présentation";0,334;0,508;0,382;0,334;0,169;0,437
"préférer";0,482;0,477;0,452;0,482;0,636;0,504
"précision";0,482;0,32;0,452;0,406;0,636;0,504
"propos";0,334;0,508;0,382;0,334;0,009;0,437
"population";0,406;0,477;0,452;0,406;0,636;0,004
"peser";0,334;0,409;0,382;0,087;0,169;0,437
"personnellement";0,406;0,32;0,452;0,406;0,059;0,504
"perdre";0,334;0,409;0,382;0,71;0,009;0,437
"paiement";0,406;0,477;0,452;0,406;0,001;0,504
"pacifique";0,406;0,477;0,452;0,025;0,636;0,504
"p";0,025;0,477;0,452;0,406;0,636;0,504
"outillage";0,406;0,477;0,452;0,406;0,001;0,504
"obliger";0,482;0,477;0,452;0,482;0,636;0,504
"négocier";0,406;0,477;0,452;0,482;0,059;0,504
"nord_africains";0,406;0,477;0;0,406;0,344;0,504
"nord";0,334;0,508;0,047;0,334;0,271;0,437
"nettement";0,406;0,477;0,452;0,482;0,059;0,504
"naturel";0,406;0,477;0,452;0,482;0,059;0,504
"métropolitain";0,334;0,409;0,382;0,334;0,169;0,02
"mollet";0,482;0,477;0,011;0,406;0,344;0,504
"modalité";0,334;0,409;0,047;0,71;0,271;0,437
"marcher";0,406;0,477;0,452;0,406;0,001;0,504
"manifester";0,334;0,409;0,382;0,71;0,009;0,437
"malentendu";0,406;0,477;0,375;0,406;0,636;0,265
"légitime";0,406;0,32;0,375;0,406;0,636;0,504
"liberté";0,406;0,477;0,452;0;0,344;0,504
"lever";0,406;0,477;0,452;0,482;0,059;0,504
"jeu";0,406;0,477;0,452;0,406;0,001;0,504
"iv";0,334;0,409;0,047;0,334;0,169;0,437
"inquiétude";0,406;0,32;0,452;0,406;0,059;0,504
"guy";0,482;0,477;0,011;0,406;0,344;0,504
"garder";0,406;0,477;0,452;0,025;0,636;0,504
"fédération";0,406;0,477;0,452;0,025;0,636;0,504
"futur";0,334;0,409;0,047;0,334;0,169;0,437
"frais";0,406;0,477;0,452;0,482;0,059;0,504
"fidèlement";0;0,409;0,382;0,334;0,271;0,437
"ferraille";0,406;0,32;0,375;0,406;0,636;0,504
"extrêmement";0,71;0,409;0,382;0,71;0,891;0,437
"exercice";0,334;0,409;0,382;0,334;0,009;0,437
"excédent";0,406;0,477;0,452;0,406;0,001;0,504
"erreur";0,406;0,007;0,452;0,406;0,636;0,504
"efforcer";0,406;0,477;0,452;0,406;0,059;0,265
"détourner";0,334;0,409;0,578;0,002;0,271;0,437
"déterminé";0,334;0,409;0,578;0,71;0,169;0,437
"délibération";0,334;0,409;0,047;0,334;0,891;0,437
"dégager";0,334;0,409;0,382;0,087;0,169;0,437
"définitivement";0,482;0,477;0,452;0,406;0,059;0,504
"dresser";0,406;0,477;0,452;0,406;0,001;0,504
"douter";0,406;0,477;0,452;0,025;0,636;0,504
"dossier";0,406;0,477;0,375;0,406;0,059;0,504
"dissimuler";0,406;0,477;0,452;0,482;0,059;0,504
"dirigeant";0,406;0,477;0,452;0,482;0,059;0,504
"deuxième";0,406;0,477;0,452;0,406;0,001;0,504
"corriger";0,482;0,32;0,375;0,406;0,344;0,504
"conséquent";0,334;0,409;0,382;0,71;0,009;0,437
"considérer";0,334;0,409;0,382;0,002;0,891;0,437
"conserver";0,406;0,32;0,452;0,406;0,344;0,004
"connaitre";0,482;0,477;0,375;0,406;0,344;0,265
"conflit";0,406;0,477;0,375;0,025;0,344;0,504
"concret";0,406;0,477;0,452;0,482;0,059;0,504
"conception";0,406;0,32;0,375;0,482;0,344;0,504
"complémentaire";0,025;0,477;0,452;0,406;0,636;0,504
"commencement";0,406;0,477;0,452;0,482;0,059;0,504
"collègue";0,406;0,007;0,452;0,406;0,636;0,504
"clair";0,406;0,477;0,375;0,482;0,636;0,504
"chose";0,334;0,409;0,382;0,334;0;0,437
"changer";0,406;0,32;0,452;0,482;0,636;0,504
"campagne";0,482;0,477;0,452;0,406;0,059;0,504
"bruxelles";0,334;0,409;0,578;0,71;0,891;0,437
"banque";0,334;0,409;0,382;0,334;0,009;0,437
"au_delà";0,406;0,477;0,375;0,406;0,059;0,504
"approfondi";0,406;0,32;0,452;0,482;0,636;0,504
"afrique";0,334;0,409;0,047;0,71;0,271;0,437
"adoption";0,334;0,409;0,382;0,334;0;0,437
"accru";0,334;0,409;0,382;0,087;0,169;0,437
"abandonner";0,334;0,409;0,382;0,002;0,891;0,437
"abaisser";0,406;0,32;0,452;0,406;0,059;0,504
"abaissement";0,406;0,477;0,375;0,406;0,059;0,504
"évidence";0,406;0,477;0,452;0,482;0,059;0,504
"éventuel";0,406;0,477;0,375;0,406;0,636;0,265
"émettre";0,406;0,477;0,452;0,482;0,059;0,504
"économiquement";0,406;0,477;0,011;0,406;0,636;0,504
"verbalement";0,406;0,477;0,011;0,406;0,636;0,504
"transfert";0,406;0,477;0,452;0,482;0,636;0,265
"séjour";0,025;0,477;0,452;0,406;0,636;0,504
"supporter";0,406;0,477;0,452;0,406;0,001;0,504
"suffrage";0,406;0,477;0,452;0;0,344;0,504
"souffrir";0,406;0,32;0,452;0,482;0,636;0,504
"sain";0,406;0,477;0,452;0,406;0,001;0,504
"résumé";0,406;0,477;0,452;0,406;0,001;0,504
"régulièrement";0,406;0,32;0,452;0,482;0,636;0,504
"réciproque";0,406;0,477;0,452;0,482;0,059;0,504
"retourner";0,482;0,477;0,452;0,482;0,636;0,504
"restriction";0,406;0,477;0,452;0,025;0,636;0,504
"relater";0,406;0,007;0,452;0,406;0,636;0,504
"ramener";0,406;0,32;0,452;0,025;0,344;0,504
"quotidien";0,406;0,477;0,452;0,482;0,059;0,504
"publiquement";0,406;0,477;0,452;0,482;0,059;0,504
"publier";0,482;0,477;0,452;0,482;0,344;0,265
"psychologique";0,406;0,477;0,452;0,025;0,636;0,504
"préoccuper";0,406;0,477;0,375;0,482;0,636;0,504
"précisément";0,406;0,32;0,452;0,406;0,059;0,504
"prospérité";0,406;0,477;0,452;0,025;0,636;0,504
"posséder";0,406;0,477;0,375;0,482;0,636;0,504
"populaire";0,406;0,477;0,452;0,025;0,636;0,504
"petit";0,406;0,32;0,452;0,482;0,636;0,504
"perte";0,406;0,32;0,452;0,406;0,059;0,504
"payer";0,406;0,32;0,452;0,406;0,059;0,504
"ouverture";0,406;0,32;0,452;0,025;0,344;0,504
"ottawa";0,406;0,32;0,452;0,406;0,059;0,504
"ordinaire";0,406;0,477;0,452;0,406;0,001;0,504
"nancière";0,406;0,477;0,452;0,482;0,059;0,504
"lourd";0,406;0,477;0,452;0,482;0,059;0,504
"lire";0,406;0,32;0,452;0,025;0,344;0,504
"intime";0,406;0,477;0,452;0,025;0,636;0,504
"indirectement";0,406;0,477;0,452;0,482;0,636;0,265
"incessamment";0,406;0,477;0,011;0,482;0,344;0,504
"ignorer";0,406;0,007;0,452;0,482;0,344;0,504
"hypothèse";0,406;0,32;0,452;0,406;0,636;0,265
"heurter";0,406;0,477;0,452;0,406;0,059;0,265
"harmonisation";0,406;0,477;0,011;0,406;0,636;0,504
"fur_et_à_mesure";0,406;0,477;0,375;0,406;0,636;0,265
"franco_allemand";0,406;0,477;0,011;0,482;0,344;0,504
"fourniture";0,406;0,32;0,452;0,406;0,059;0,504
"formation";0,406;0,477;0,452;0,025;0,636;0,504
"fonder";0,406;0,32;0,452;0,406;0,059;0,504
"faute";0,406;0,477;0,375;0,406;0,059;0,504
"exécuter";0,406;0,477;0,452;0,482;0,059;0,504
"dépenser";0,406;0,32;0,452;0,406;0,059;0,504
"découler";0,406;0,477;0,375;0,406;0,059;0,504
"doter";0,406;0,32;0,452;0,482;0,636;0,504
"différer";0,406;0,32;0,375;0,482;0,344;0,504
"différend";0,406;0,477;0,011;0,406;0,636;0,504
"coût";0,406;0,477;0,452;0,406;0,001;0,504
"convenu";0,406;0,477;0,375;0,406;0,636;0,265
"construction";0,406;0,32;0,452;0,025;0,344;0,504
"conscience";0,406;0,007;0,452;0,482;0,344;0,504
"confirmation";0,406;0,477;0,452;0,025;0,344;0,265
"conduite";0,406;0,32;0,452;0,482;0,636;0,504
"concevoir";0,406;0,32;0,375;0,406;0,636;0,504
"concerter";0,406;0,32;0,452;0,482;0,636;0,504
"collaboration";0,406;0,32;0,452;0,406;0,059;0,504
"ci_jointe";0,406;0,32;0,375;0,406;0,636;0,504
"champ";0,406;0,477;0,011;0,406;0,636;0,504
"certitude";0,406;0,32;0,452;0,406;0,059;0,504
"brièvement";0,406;0,32;0,375;0,482;0,344;0,504
"bilatéral";0,406;0,477;0,452;0,406;0,001;0,504
"autorisation";0,406;0,477;0,452;0,406;0,001;0,504
"assigner";0,406;0,32;0,452;0,406;0,059;0,504
"appuyer";0,406;0,32;0,452;0,482;0,636;0,504
"approcher";0,406;0,477;0,375;0,482;0,636;0,504
"annoncer";0,406;0,477;0,452;0,482;0,059;0,504
"ajuster";0,406;0,477;0,452;0,482;0,059;0,504
"acte";0,406;0,477;0,452;0,406;0,059;0,265
"absolu";0,406;0,477;0,452;0,482;0,636;0,265
"*pers_Bowie,_Robert_Richardson";0,636;0,686;0,018;0,636;0,59;0,703
"*pers_Acheson,_Dean";0,234;0,565;0,542;0,234;0,443;0,588
"*pers_Aron,_Alexis";0,234;0,565;0,166;0,501;0,443;0,588
"*place_";0,493;0,223;0,107;0,493;0,612;0,633
"*pers_Clappier,_Bernard";0,073;0,263;0,237;0,005;0,137;0,293
"*pers_Ramadier,_Paul";0,234;0,565;0,542;0,501;0,338;0,588
"*pers_Suetens,_Max";0,501;0,565;0,166;0,234;0,443;0,588
"*pers_Bonnet,_Henri";0,025;0,477;0,452;0,406;0,636;0,504
"*pers_Bidault,_Georges";0,907;0,352;0,325;0,907;0,035;0,381
"*pers_Hallstein,_Walter";0,475;0,702;0,163;0,005;0,069;0,198
"*pers_Buron,_Robert_Albert_Gaston";0,406;0,477;0,011;0,406;0,636;0,504
"*date_1948-05-10";0,636;0,686;0,669;0,636;0,06;0,703
"*date_1947-10-04";0,032;0,686;0,669;0,636;0,59;0,703
"*pers_Etzel,_Franz";0,501;0,565;0,542;0,234;0,443;0,104
"*pers_Marshall,_Georges_Catlett";0,186;0,352;0,325;0,277;0,322;0,599
"*pers_Uri,_Pierre_Emmanuel";0,234;0,565;0,542;0,234;0,443;0,588
"*pers_McCloy,_Jonh_Jay";0,71;0,409;0,047;0,71;0,271;0,437
"*pers_Blamont,_Emile";0,501;0,565;0,001;0,501;0,443;0,588
"*pers_Hayter,_Sir_William_Goodenough";0,234;0,565;0,542;0,234;0,443;0,588
"*pers_Mayer,_René";0,665;0,228;0,418;0,665;0,045;0,257
"*pers_Plowden,_Edwin_Noel";0,501;0,134;0,542;0,234;0,443;0,588
"*type_Lettre";0,001;0,005;0,002;0,019;0,748;0,785
"*type_Mémorandum";0,075;0,128;0;0,132;0,205;0,633
"*date_1951-05-08";0,501;0,565;0,001;0,501;0,443;0,588
"*pers_Bourbon-Busset,_Jacques_Louis_Robert_Marie";0,032;0,686;0,669;0,636;0,59;0,703
"*type_Projet";0,501;0,565;0,542;0,501;0,443;0
"*pers_Bruce,_David";0,71;0,409;0,578;0,087;0,271;0,437
"*pers_François-Poncet,_André";0,636;0,686;0,669;0,032;0,59;0,703
"*pers_Daum,_Léon";0,501;0,565;0,542;0,234;0,443;0,104
"*pers_Bourgès-Manoury,_Maurice";0,501;0,565;0,166;0,501;0,338;0,588
"*pers_Petsche,_Maurice";0,482;0,477;0,011;0,406;0,344;0,504
"*pers_Hubert,_Lucien_Louis_Théodore";0,501;0;0,542;0,501;0,443;0,588
"*pers_De_Gasperi,_Alcide";0,501;0,565;0,542;0,002;0,443;0,588
"*type_Note";0,132;0,198;0,536;0,563;0,01;0,893
"*pers_Louvel,_Jean-Marie";0,907;0,682;0,004;0,277;0,215;0,381
"*pers_Mollet,_Guy";0,71;0,409;0,001;0,334;0,271;0,437
"*pers_Eden,_Anthony";0,501;0,565;0,542;0,002;0,443;0,588
"*pers_Giacchero,_Enzo";0,501;0,565;0,542;0,234;0,443;0,104
"*type_Télégramme";0,334;0,409;0,382;0,002;0,891;0,437
"*pers_Faure,_Edgar_Jean";0,406;0,477;0,011;0,406;0,636;0,504
"*pers_Caffery,_Jefferson";0,032;0,686;0,669;0,636;0,59;0,703
"*place_Paris";0,079;0,85;0,066;0,189;0,147;0,372
"*date_1950-09-16";0,234;0,565;0,542;0,234;0,443;0,588
"*date_1952-07-29";0,501;0,565;0,542;0,501;0,443;0
"*pers_Pinay,_Antoine";0,501;0,134;0,542;0,501;0,338;0,588
"*date_1951-03-19";0,234;0,565;0,542;0,234;0,443;0,588
"*pers_Parodi,_Alexandre";0,71;0,409;0,382;0,002;0,271;0,437
"*pers_Wehrer,_Albert";0,277;0,08;0,325;0,186;0,215;0,599
"*pers_Harriman,_William_Averell";0,482;0,32;0,452;0,406;0,636;0,504
"*date_1952-07-22";0,234;0,565;0,542;0,501;0,443;0,104
"*pers_Erhard,_Ludwig";0,636;0,686;0,018;0,636;0,59;0,703
"*pers_Schneiter,_Pierre";0,501;0,565;0,542;0,002;0,443;0,588
"*date_1952-06-28";0,406;0,477;0,452;0,406;0,344;0
"*pers_Le_Vert,_Paul_Maurice";0,636;0,686;0,669;0,032;0,59;0,703
"*pers_Bacon,_Paul";0,501;0,565;0,001;0,501;0,443;0,588
"*pers_Westrick,_Ludger";1;1;1;1;1;1
"*pers_Tomlinson,_William_Mahon";0,025;0,477;0,452;0,482;0,344;0,504
"*pers_Hirsch,_Etienne";0,034;0,304;0,921;0,926;0,732;0,334
"*date_1951-09-25";0,234;0,565;0,542;0,501;0,338;0,588
"*place_Luxembourg";0,482;0,477;0,452;0,482;0,344;0,265
"*pers_Spaak,_Paul-Henri";0,087;0,409;0,382;0,71;0,891;0,437
"*pers_Couve_de_Murville,_Jacques_Maurice";0,71;0,409;0,382;0,002;0,271;0,437
"*pers_Pelou,_Maurice";1;1;1;1;1;1
"*pers_Spierenburg,_Dirk_Pieter";0,277;0,682;0,761;0,186;0,215;0,599
"*pers_Queuille,_Henri";0,234;0,565;0,542;0,501;0,443;0,104
"*pers_Denis,_Pierre";0,002;0,565;0,542;0,501;0,443;0,588
"*pers_Pleven,_René";0,588;0,228;0,203;0,013;0,841;0,257
"*pers_Finet,_Paul_C.E.";1;1;1;1;1;1
"*pers_Bevin,_Ernest";0,234;0,565;0,542;0,234;0,443;0,588
"*date_1952-03-19";0,636;0,686;0,669;0,032;0,59;0,703
"*pers_Adenauer,_Konrad";0,728;0,797;0,108;0,203;0,086;0,225
