"";"V1";"V2";"V3";"V4"
"1";0;4;4;4
"2";0;0;0;2
"3";0;0;3;3
"4";0;0;3;3
"5";0;0;0;2
"6";0;0;0;2
"7";0;0;3;3
"8";0;0;0;2
"9";0;0;3;3
"10";0;0;0;2
"11";0;0;3;3
"12";0;0;0;1
"13";0;0;0;2
"14";0;4;4;4
"15";0;4;4;4
"16";0;0;0;2
"17";0;4;4;4
"18";0;4;4;4
"19";0;4;4;4
"20";0;4;4;4
"21";0;4;4;4
"22";0;4;4;4
"23";0;0;3;3
"24";0;0;3;3
"25";0;0;3;3
"26";0;0;3;3
"27";0;0;3;3
"28";0;0;3;3
"29";0;0;3;3
"30";0;0;3;3
"31";0;0;3;3
"32";0;4;4;4
"33";0;0;3;3
"34";0;0;3;3
"35";0;0;3;3
"36";0;0;3;3
"37";0;4;4;4
"38";0;0;3;3
"39";0;0;3;3
"40";0;0;0;1
"41";0;0;3;3
"42";0;0;3;3
"43";0;0;3;3
"44";0;0;0;2
"45";0;0;0;2
"46";0;0;3;3
"47";0;0;3;3
"48";0;0;3;3
"49";0;0;3;3
"50";0;0;3;3
"51";0;0;3;3
"52";0;0;3;3
"53";0;0;3;3
"54";0;0;3;3
"55";0;0;3;3
"56";0;0;3;3
"57";0;0;3;3
"58";0;0;3;3
"59";0;0;3;3
"60";0;0;3;3
"61";0;0;3;3
"62";0;0;3;3
"63";0;0;0;2
"64";0;0;3;3
"65";0;0;3;3
"66";0;0;3;3
"67";0;0;3;3
"68";0;0;3;3
"69";0;0;3;3
"70";0;0;3;3
"71";0;0;3;3
"72";0;0;3;3
"73";0;0;3;3
"74";0;0;3;3
"75";0;0;3;3
"76";0;0;3;3
"77";0;0;3;3
"78";0;0;3;3
"79";0;0;3;3
"80";0;0;3;3
"81";0;0;3;3
"82";0;0;3;3
"83";0;0;3;3
"84";0;0;3;3
"85";0;0;3;3
"86";0;0;3;3
"87";0;0;3;3
"88";0;0;3;3
"89";0;0;0;0
"90";0;0;3;3
"91";0;0;0;2
"92";0;0;3;3
"93";0;0;3;3
"94";0;0;3;3
"95";0;0;3;3
"96";0;0;3;3
"97";0;0;3;3
"98";0;0;3;3
"99";0;0;3;3
"100";0;0;3;3
"101";0;0;3;3
"102";0;0;3;3
"103";0;0;3;3
"104";0;0;3;3
"105";0;0;3;3
"106";0;0;3;3
"107";0;0;3;3
"108";0;0;3;3
"109";0;0;3;3
"110";0;0;3;3
"111";0;0;3;3
"112";0;0;3;3
"113";0;0;3;3
"114";0;0;3;3
"115";0;0;3;3
"116";0;4;4;4
"117";0;0;3;3
"118";0;0;0;1
"119";0;0;0;1
"120";0;4;4;4
"121";0;4;4;4
"122";0;0;0;1
"123";0;0;0;2
"124";0;0;0;2
"125";0;0;0;2
"126";0;0;0;2
"127";0;0;3;3
"128";0;0;3;3
"129";0;0;0;2
"130";0;0;0;2
"131";0;4;4;4
"132";0;4;4;4
"133";0;4;4;4
"134";0;4;4;4
"135";0;4;4;4
"136";0;4;4;4
"137";0;0;0;1
"138";0;0;0;1
"139";0;0;0;1
"140";0;0;0;1
"141";0;0;0;1
"142";0;4;4;4
"143";0;0;0;2
"144";0;0;3;3
"145";0;0;0;2
"146";0;0;0;2
"147";0;4;4;4
"148";0;0;0;2
"149";0;0;0;1
"150";0;0;0;2
"151";0;4;4;4
"152";0;0;0;1
"153";0;0;0;1
"154";0;0;0;2
"155";0;0;0;1
"156";0;0;0;1
"157";0;0;0;1
"158";0;0;0;2
"159";0;4;4;4
"160";0;0;0;1
"161";0;4;4;4
"162";0;4;4;4
"163";0;4;4;4
"164";0;4;4;4
"165";0;0;0;2
"166";0;4;4;4
"167";0;4;4;4
"168";0;4;4;4
"169";0;4;4;4
"170";0;4;4;4
"171";0;4;4;4
"172";0;4;4;4
"173";0;4;4;4
"174";0;4;4;4
"175";0;0;0;2
"176";0;0;0;2
"177";0;0;0;2
"178";0;4;4;4
"179";0;0;0;1
"180";0;4;4;4
"181";0;0;0;1
"182";0;4;4;4
"183";0;4;4;4
"184";0;4;4;4
"185";0;4;4;4
"186";0;0;0;1
"187";0;0;0;1
"188";0;0;0;2
"189";0;0;0;2
"190";0;0;0;2
"191";0;0;0;2
"192";0;0;0;1
"193";0;0;0;2
"194";0;0;0;1
"195";0;0;0;2
"196";0;0;0;2
"197";0;0;0;2
"198";0;0;0;2
"199";0;0;0;2
"200";0;0;0;2
"201";0;0;0;2
"202";0;0;0;2
"203";0;0;0;2
"204";0;0;0;2
"205";0;0;0;2
"206";0;0;0;2
"207";0;0;0;2
"208";0;0;0;2
"209";0;0;0;1
"210";0;0;0;1
"211";0;0;0;1
"212";0;0;0;2
"213";0;0;0;1
"214";0;0;3;3
"215";0;0;0;2
"216";0;0;3;3
"217";0;0;0;2
"218";0;0;0;2
"219";0;0;0;2
"220";0;0;3;3
"221";0;0;0;2
"222";0;0;0;1
"223";0;4;4;4
"224";0;0;0;1
"225";0;0;0;1
"226";0;0;0;1
"227";0;0;0;1
"228";0;0;0;1
"229";0;0;0;1
"230";0;0;0;1
"231";0;0;0;1
"232";0;0;3;3
"233";0;0;3;3
"234";0;4;4;4
"235";0;0;3;3
"236";0;0;0;1
"237";0;0;0;1
"238";0;0;0;1
"239";0;0;0;1
"240";0;0;0;1
"241";0;0;0;1
"242";0;4;4;4
"243";0;0;0;2
"244";0;0;3;3
"245";0;0;3;3
"246";0;0;0;2
"247";0;4;4;4
"248";0;0;0;1
"249";0;4;4;4
"250";0;0;0;1
"251";0;0;0;1
"252";0;0;0;1
"253";0;0;0;1
"254";0;4;4;4
"255";0;4;4;4
"256";0;4;4;4
"257";0;4;4;4
"258";0;4;4;4
"259";0;4;4;4
"260";0;4;4;4
"261";0;4;4;4
"262";0;4;4;4
"263";0;0;0;2
"264";0;0;0;1
"265";0;0;0;2
"266";0;0;3;3
"267";0;0;3;3
"268";0;0;3;3
"269";0;0;3;3
"270";0;0;3;3
"271";0;0;3;3
"272";0;0;3;3
"273";0;4;4;4
"274";0;0;0;1
"275";0;0;0;2
"276";0;0;3;3
"277";0;0;3;3
"278";0;0;0;2
"279";0;0;0;2
"280";0;0;0;2
"281";0;0;0;1
"282";0;0;0;2
"283";0;0;0;2
"284";0;0;0;2
"285";0;0;0;2
"286";0;0;0;2
"287";0;0;0;2
"288";0;0;0;2
"289";0;0;0;2
"290";0;0;0;2
"291";0;0;0;2
"292";0;0;0;2
"293";0;0;0;2
"294";0;0;0;2
"295";0;0;0;2
"296";0;0;0;2
"297";0;4;4;4
"298";0;4;4;4
"299";0;0;0;2
"300";0;0;0;1
"301";0;0;0;2
"302";0;0;0;2
"303";0;0;0;2
"304";0;0;0;2
"305";0;0;0;2
"306";0;0;0;2
"307";0;0;0;2
"308";0;0;0;2
"309";0;0;0;2
"310";0;0;0;2
"311";0;0;0;2
"312";0;0;0;2
"313";0;0;0;2
"314";0;0;0;2
"315";0;0;0;2
"316";0;0;0;2
"317";0;0;0;2
"318";0;0;0;2
"319";0;0;0;2
"320";0;0;3;3
"321";0;0;3;3
"322";0;0;0;2
"323";0;0;0;2
"324";0;0;3;3
"325";0;0;3;3
"326";0;0;0;2
"327";0;0;0;2
"328";0;0;0;2
"329";0;0;0;2
"330";0;0;0;2
"331";0;0;0;2
"332";0;0;0;2
"333";0;0;0;2
"334";0;0;0;2
"335";0;0;0;2
"336";0;0;0;2
"337";0;0;0;2
"338";0;0;0;2
"339";0;0;0;2
"340";0;0;0;2
"341";0;0;0;1
"342";0;0;0;2
"343";0;0;3;3
"344";0;0;0;2
"345";0;0;0;1
"346";0;0;0;2
"347";0;0;0;2
"348";0;0;0;2
"349";0;0;3;3
"350";0;0;0;2
"351";0;0;0;2
"352";0;0;0;2
"353";0;0;0;2
"354";0;0;0;1
"355";0;0;0;2
"356";0;0;0;2
"357";0;0;0;2
"358";0;4;4;4
"359";0;0;0;2
"360";0;0;0;2
"361";0;0;0;2
"362";0;0;0;2
"363";0;0;0;2
"364";0;0;0;2
"365";0;0;0;2
"366";0;0;0;2
"367";0;0;0;2
"368";0;0;0;1
"369";0;0;0;2
"370";0;4;4;4
"371";0;4;4;4
"372";0;0;0;0
"373";0;0;0;0
"374";0;4;4;4
"375";0;4;4;4
"376";0;4;4;4
"377";0;4;4;4
"378";0;0;0;1
"379";0;4;4;4
"380";0;4;4;4
"381";0;4;4;4
"382";0;4;4;4
"383";0;4;4;4
"384";0;0;3;3
"385";0;0;0;1
"386";0;0;0;1
"387";0;0;0;1
"388";0;0;0;1
"389";0;0;0;1
"390";0;4;4;4
"391";0;0;0;1
"392";0;0;0;1
"393";0;0;0;1
"394";0;0;0;1
"395";0;0;0;1
"396";0;0;0;1
"397";0;0;0;1
"398";0;0;0;1
"399";0;0;0;1
"400";0;0;0;1
"401";0;0;0;1
"402";0;0;0;1
"403";0;0;0;2
"404";0;0;0;1
"405";0;0;0;1
"406";0;0;0;1
"407";0;0;3;3
"408";0;0;0;1
"409";0;4;4;4
"410";0;0;0;1
"411";0;4;4;4
"412";0;0;0;1
"413";0;0;0;1
"414";0;0;0;1
"415";0;0;0;1
"416";0;0;0;1
"417";0;0;0;1
"418";0;0;0;1
"419";0;4;4;4
"420";0;4;4;4
"421";0;4;4;4
"422";0;0;0;1
"423";0;0;0;1
"424";0;0;0;1
"425";0;0;0;1
"426";0;0;0;1
"427";0;0;0;1
"428";0;0;0;1
"429";0;4;4;4
"430";0;0;0;1
"431";0;4;4;4
"432";0;4;4;4
"433";0;0;0;2
"434";0;4;4;4
"435";0;4;4;4
"436";0;4;4;4
"437";0;4;4;4
"438";0;4;4;4
"439";0;0;3;3
"440";0;4;4;4
"441";0;4;4;4
"442";0;4;4;4
"443";0;4;4;4
"444";0;4;4;4
"445";0;4;4;4
"446";0;0;0;2
"447";0;0;0;2
"448";0;0;0;2
"449";0;0;0;2
"450";0;0;0;2
"451";0;0;3;3
"452";0;0;0;1
"453";0;0;0;2
"454";0;0;0;1
"455";0;0;0;1
"456";0;4;4;4
"457";0;4;4;4
"458";0;0;0;2
"459";0;0;0;1
"460";0;4;4;4
"461";0;4;4;4
"462";0;4;4;4
"463";0;0;0;1
"464";0;4;4;4
"465";0;0;0;1
"466";0;0;0;1
"467";0;0;0;1
"468";0;0;0;1
"469";0;0;0;1
"470";0;0;0;1
"471";0;0;0;1
"472";0;4;4;4
"473";0;0;0;1
"474";0;4;4;4
"475";0;4;4;4
"476";0;0;0;1
"477";0;4;4;4
"478";0;0;0;1
"479";0;0;0;1
"480";0;0;0;1
"481";0;0;0;1
"482";0;0;0;1
"483";0;0;0;1
"484";0;0;0;1
"485";0;0;0;1
"486";0;0;0;1
"487";0;0;0;1
"488";0;0;0;1
"489";0;0;0;1
"490";0;0;0;1
"491";0;0;0;1
"492";0;0;0;1
"493";0;0;0;1
"494";0;0;0;1
"495";0;0;0;1
"496";0;0;0;1
"497";0;0;0;1
"498";0;0;0;1
"499";0;0;0;1
"500";0;0;3;3
"501";0;0;0;1
"502";0;0;0;1
"503";0;0;0;1
"504";0;0;0;1
"505";0;0;0;1
"506";0;0;0;1
"507";0;0;0;1
"508";0;0;0;1
"509";0;0;0;1
"510";0;0;0;1
"511";0;0;0;1
"512";0;0;0;1
"513";0;4;4;4
"514";0;0;0;2
"515";0;4;4;4
"516";0;4;4;4
"517";0;0;0;2
"518";0;0;0;2
"519";0;0;0;2
"520";0;0;0;2
"521";0;4;4;4
"522";0;4;4;4
"523";0;4;4;4
"524";0;4;4;4
"525";0;4;4;4
"526";0;0;0;1
"527";0;4;4;4
"528";0;0;3;3
"529";0;0;0;1
"530";0;0;0;1
"531";0;4;4;4
"532";0;4;4;4
"533";0;4;4;4
"534";0;4;4;4
"535";0;4;4;4
"536";0;4;4;4
"537";0;0;3;3
"538";0;4;4;4
"539";0;0;0;2
"540";0;0;0;1
"541";0;0;0;2
"542";0;0;0;1
"543";0;0;0;1
"544";0;0;0;1
"545";0;0;0;2
"546";0;0;0;1
"547";0;0;3;3
"548";0;0;3;3
"549";0;0;3;3
"550";0;0;3;3
"551";0;0;3;3
"552";0;0;3;3
"553";0;0;3;3
"554";0;0;3;3
"555";0;0;3;3
"556";0;0;3;3
"557";0;0;3;3
"558";0;0;3;3
"559";0;0;3;3
"560";0;0;3;3
"561";0;0;0;2
"562";0;0;3;3
"563";0;4;4;4
"564";0;4;4;4
"565";0;4;4;4
"566";0;0;0;2
"567";0;0;0;2
"568";0;0;0;2
"569";0;4;4;4
"570";0;4;4;4
"571";0;0;0;1
"572";0;0;0;1
"573";0;0;0;2
"574";0;0;0;1
"575";0;4;4;4
"576";0;0;0;2
"577";0;4;4;4
"578";0;0;0;2
"579";0;0;0;2
"580";0;0;0;2
"581";0;0;0;2
"582";0;0;0;2
"583";0;0;0;2
"584";0;0;0;2
"585";0;0;3;3
"586";0;0;0;2
"587";0;0;3;3
"588";0;0;0;2
"589";0;0;0;2
"590";0;0;0;2
"591";0;0;0;2
"592";0;0;0;2
"593";0;0;0;2
"594";0;0;0;2
"595";0;0;0;2
"596";0;4;4;4
"597";0;0;0;2
"598";0;0;0;2
"599";0;0;0;2
"600";0;0;0;2
"601";0;0;0;2
"602";0;0;0;2
"603";0;0;0;2
"604";0;0;0;2
"605";0;0;0;2
"606";0;0;0;2
"607";0;4;4;4
"608";0;4;4;4
"609";0;0;3;3
"610";0;0;0;1
"611";0;0;3;3
"612";0;4;4;4
"613";0;0;0;2
"614";0;0;0;1
"615";0;0;0;1
"616";0;0;0;2
"617";0;0;3;3
"618";0;0;0;1
"619";0;0;0;1
"620";0;4;4;4
"621";0;0;0;2
"622";0;0;0;1
"623";0;0;0;1
"624";0;0;0;2
"625";0;4;4;4
"626";0;0;0;1
"627";0;0;0;2
"628";0;0;0;1
"629";0;0;0;1
"630";0;4;4;4
"631";0;0;0;2
"632";0;0;0;1
"633";0;0;0;2
"634";0;4;4;4
"635";0;4;4;4
"636";0;4;4;4
"637";0;4;4;4
"638";0;4;4;4
"639";0;0;0;1
"640";0;0;0;1
"641";0;0;0;1
"642";0;4;4;4
"643";0;4;4;4
"644";0;4;4;4
"645";0;4;4;4
"646";0;0;0;2
"647";0;0;0;1
"648";0;0;0;1
"649";0;0;3;3
"650";0;0;0;1
"651";0;0;0;1
"652";0;0;0;1
"653";0;0;0;1
"654";0;4;4;4
"655";0;4;4;4
"656";0;0;0;1
"657";0;4;4;4
"658";0;0;0;1
"659";0;0;0;1
"660";0;4;4;4
"661";0;0;0;2
"662";0;4;4;4
"663";0;0;0;1
"664";0;0;0;1
"665";0;0;0;2
"666";0;0;0;1
"667";0;0;3;3
"668";0;0;0;1
"669";0;0;0;1
"670";0;0;0;1
"671";0;4;4;4
"672";0;4;4;4
"673";0;0;0;1
"674";0;4;4;4
"675";0;0;0;1
"676";0;4;4;4
"677";0;0;0;1
"678";0;0;0;2
"679";0;4;4;4
"680";0;0;0;1
"681";0;0;0;1
"682";0;0;0;1
"683";0;0;0;2
"684";0;0;0;1
"685";0;0;0;1
"686";0;0;0;1
"687";0;0;0;1
"688";0;0;0;1
"689";0;0;0;1
"690";0;0;0;1
"691";0;0;0;1
"692";0;0;0;1
"693";0;0;0;1
"694";0;0;0;1
"695";0;4;4;4
"696";0;4;4;4
"697";0;0;0;2
"698";0;0;0;2
"699";0;4;4;4
"700";0;0;0;2
"701";0;4;4;4
"702";0;0;0;1
"703";0;0;0;1
"704";0;0;0;1
"705";0;4;4;4
"706";0;0;0;1
"707";0;0;3;3
"708";0;0;0;2
"709";0;0;3;3
"710";0;0;3;3
"711";0;0;3;3
"712";0;0;0;1
"713";0;0;0;1
"714";0;0;0;1
"715";0;0;3;3
"716";0;0;3;3
"717";0;0;3;3
"718";0;0;3;3
"719";0;0;3;3
"720";0;0;3;3
"721";0;0;0;1
"722";0;0;3;3
"723";0;0;3;3
"724";0;0;3;3
"725";0;0;3;3
"726";0;0;3;3
"727";0;0;3;3
"728";0;0;0;1
"729";0;0;0;2
"730";0;0;3;3
"731";0;0;3;3
"732";0;0;0;1
"733";0;0;0;1
"734";0;0;0;1
"735";0;0;0;2
"736";0;0;0;2
"737";0;0;0;2
"738";0;0;0;1
"739";0;0;0;1
"740";0;0;3;3
"741";0;0;0;1
"742";0;0;0;1
"743";0;0;3;3
"744";0;0;3;3
"745";0;0;3;3
"746";0;0;3;3
"747";0;0;0;1
"748";0;0;0;2
"749";0;0;0;1
"750";0;0;0;1
"751";0;0;0;1
"752";0;0;3;3
"753";0;0;0;1
"754";0;0;0;1
"755";0;0;0;1
"756";0;0;0;1
"757";0;0;0;1
"758";0;0;3;3
"759";0;0;0;1
"760";0;0;0;1
"761";0;0;3;3
"762";0;0;3;3
"763";0;0;3;3
"764";0;0;3;3
"765";0;0;3;3
"766";0;0;0;1
"767";0;0;3;3
"768";0;0;3;3
"769";0;0;3;3
"770";0;0;3;3
"771";0;0;3;3
"772";0;0;3;3
"773";0;0;3;3
"774";0;0;3;3
"775";0;0;0;1
"776";0;0;3;3
"777";0;0;3;3
"778";0;0;3;3
"779";0;0;3;3
"780";0;0;3;3
"781";0;0;3;3
"782";0;0;3;3
"783";0;0;3;3
"784";0;0;3;3
"785";0;0;3;3
"786";0;0;0;1
"787";0;0;3;3
"788";0;0;0;1
"789";0;0;3;3
"790";0;0;0;1
"791";0;0;0;1
"792";0;0;0;1
"793";0;0;3;3
"794";0;0;0;1
"795";0;0;0;1
"796";0;0;3;3
"797";0;0;3;3
"798";0;0;0;1
"799";0;0;3;3
"800";0;0;3;3
"801";0;0;3;3
"802";0;0;0;1
"803";0;0;0;1
"804";0;0;0;2
"805";0;0;0;1
"806";0;0;3;3
"807";0;0;3;3
"808";0;0;0;1
"809";0;0;3;3
"810";0;0;3;3
"811";0;0;3;3
"812";0;0;0;1
"813";0;0;3;3
"814";0;0;3;3
"815";0;0;3;3
"816";0;0;3;3
"817";0;0;3;3
"818";0;0;3;3
"819";0;0;3;3
"820";0;0;3;3
"821";0;0;3;3
"822";0;0;3;3
"823";0;0;3;3
"824";0;0;3;3
"825";0;0;3;3
"826";0;0;3;3
"827";0;0;3;3
"828";0;0;3;3
"829";0;0;3;3
"830";0;0;3;3
"831";0;0;3;3
"832";0;0;0;1
"833";0;0;3;3
"834";0;0;3;3
"835";0;0;3;3
"836";0;0;3;3
"837";0;0;3;3
"838";0;0;3;3
"839";0;0;0;1
"840";0;0;3;3
"841";0;0;3;3
"842";0;0;3;3
"843";0;0;3;3
"844";0;0;3;3
"845";0;0;3;3
"846";0;0;3;3
"847";0;0;3;3
"848";0;0;3;3
"849";0;0;3;3
"850";0;0;3;3
"851";0;0;3;3
"852";0;0;3;3
"853";0;0;0;2
"854";0;0;3;3
"855";0;0;3;3
"856";0;0;3;3
"857";0;0;3;3
"858";0;0;0;1
"859";0;0;0;2
"860";0;0;3;3
"861";0;0;3;3
"862";0;0;3;3
"863";0;0;3;3
"864";0;0;3;3
"865";0;0;3;3
"866";0;0;3;3
"867";0;0;0;1
"868";0;0;3;3
"869";0;0;3;3
"870";0;0;0;1
"871";0;0;0;2
"872";0;0;0;1
"873";0;0;0;2
"874";0;0;0;1
"875";0;0;0;1
"876";0;0;0;1
"877";0;0;0;2
"878";0;0;0;2
"879";0;0;0;2
"880";0;0;0;1
"881";0;0;0;1
"882";0;0;0;1
"883";0;0;0;1
"884";0;4;4;4
"885";0;0;0;2
"886";0;4;4;4
"887";0;4;4;4
"888";0;4;4;4
"889";0;4;4;4
"890";0;0;0;2
"891";0;0;3;3
"892";0;4;4;4
"893";0;4;4;4
"894";0;4;4;4
"895";0;4;4;4
"896";0;0;0;1
"897";0;4;4;4
"898";0;0;0;1
"899";0;4;4;4
"900";0;0;0;2
"901";0;0;0;2
"902";0;0;0;1
"903";0;0;3;3
"904";0;0;3;3
"905";0;0;3;3
"906";0;0;3;3
"907";0;0;3;3
"908";0;0;0;2
"909";0;0;3;3
"910";0;0;0;2
"911";0;4;4;4
"912";0;4;4;4
"913";0;0;3;3
"914";0;0;3;3
"915";0;4;4;4
"916";0;0;0;1
"917";0;0;0;1
"918";0;0;3;3
"919";0;4;4;4
"920";0;4;4;4
"921";0;4;4;4
"922";0;4;4;4
"923";0;4;4;4
"924";0;4;4;4
"925";0;4;4;4
"926";0;0;0;2
"927";0;0;0;2
"928";0;0;0;1
"929";0;4;4;4
"930";0;0;0;2
"931";0;0;0;2
"932";0;0;0;1
"933";0;4;4;4
"934";0;4;4;4
"935";0;0;0;2
"936";0;4;4;4
"937";0;0;0;2
"938";0;4;4;4
"939";0;0;0;1
"940";0;0;0;1
"941";0;0;0;1
"942";0;0;0;2
"943";0;0;0;1
"944";0;0;0;1
"945";0;4;4;4
"946";0;4;4;4
"947";0;4;4;4
"948";0;4;4;4
"949";0;4;4;4
"950";0;4;4;4
"951";0;0;0;1
"952";0;4;4;4
"953";0;4;4;4
"954";0;4;4;4
"955";0;4;4;4
"956";0;4;4;4
"957";0;0;0;1
"958";0;4;4;4
"959";0;4;4;4
"960";0;4;4;4
"961";0;4;4;4
"962";0;0;0;1
"963";0;0;0;1
"964";0;0;0;2
"965";0;0;0;2
"966";0;0;3;3
"967";0;0;3;3
"968";0;0;0;2
"969";0;0;0;2
"970";0;0;0;2
"971";0;0;0;1
"972";0;0;0;2
"973";0;0;0;2
"974";0;0;0;1
"975";0;0;0;1
"976";0;0;0;1
"977";0;0;0;2
"978";0;0;0;2
"979";0;0;0;2
"980";0;0;0;2
"981";0;0;0;2
"982";0;0;0;1
"983";0;0;0;2
"984";0;0;0;2
"985";0;0;0;2
"986";0;4;4;4
"987";0;0;0;1
"988";0;4;4;4
"989";0;0;3;3
"990";0;0;0;1
"991";0;4;4;4
"992";0;0;0;2
"993";0;0;0;2
"994";0;0;3;3
"995";0;0;0;2
"996";0;0;0;2
"997";0;0;0;2
"998";0;0;0;2
"999";0;0;0;2
"1000";0;0;0;2
"1001";0;0;0;2
"1002";0;0;0;2
"1003";0;0;0;2
"1004";0;0;0;2
"1005";0;0;0;2
"1006";0;0;0;1
"1007";0;0;0;2
"1008";0;0;3;3
"1009";0;0;3;3
"1010";0;0;0;2
"1011";0;0;3;3
"1012";0;0;3;3
"1013";0;0;3;3
"1014";0;0;0;2
"1015";0;0;3;3
"1016";0;0;0;2
"1017";0;0;3;3
"1018";0;0;0;2
"1019";0;0;3;3
"1020";0;0;3;3
"1021";0;0;3;3
"1022";0;0;3;3
"1023";0;0;3;3
"1024";0;0;0;2
"1025";0;0;0;2
"1026";0;0;3;3
"1027";0;0;0;2
"1028";0;0;0;1
"1029";0;0;0;2
"1030";0;0;0;2
"1031";0;0;0;2
"1032";0;0;3;3
"1033";0;0;3;3
"1034";0;0;3;3
"1035";0;0;0;2
"1036";0;0;3;3
"1037";0;0;3;3
"1038";0;4;4;4
"1039";0;0;0;2
"1040";0;0;3;3
"1041";0;0;3;3
"1042";0;0;3;3
"1043";0;0;3;3
"1044";0;0;0;2
"1045";0;0;0;2
"1046";0;0;0;2
"1047";0;0;3;3
"1048";0;0;3;3
"1049";0;0;3;3
"1050";0;0;0;2
"1051";0;0;3;3
"1052";0;0;3;3
"1053";0;0;0;2
"1054";0;0;3;3
"1055";0;0;0;2
"1056";0;0;0;1
"1057";0;0;0;2
"1058";0;4;4;4
"1059";0;0;0;1
"1060";0;0;0;2
"1061";0;0;0;2
"1062";0;0;0;2
"1063";0;0;0;1
"1064";0;0;0;1
"1065";0;0;0;1
"1066";0;0;0;1
"1067";0;0;0;2
"1068";0;0;0;2
"1069";0;0;3;3
"1070";0;0;0;2
"1071";0;0;0;2
"1072";0;0;0;1
"1073";0;4;4;4
"1074";0;4;4;4
"1075";0;0;0;2
"1076";0;4;4;4
"1077";0;4;4;4
"1078";0;0;0;1
"1079";0;0;0;1
"1080";0;0;0;1
"1081";0;0;0;1
"1082";0;0;0;1
"1083";0;0;0;1
"1084";0;0;0;1
"1085";0;0;0;1
"1086";0;4;4;4
"1087";0;0;0;1
"1088";0;0;0;1
"1089";0;0;0;1
"1090";0;0;0;1
"1091";0;0;0;1
"1092";0;0;0;1
"1093";0;0;0;1
"1094";0;0;0;2
"1095";0;0;0;1
"1096";0;0;0;1
"1097";0;0;0;1
"1098";0;0;0;1
"1099";0;0;3;3
"1100";0;0;0;1
"1101";0;0;0;1
"1102";0;0;3;3
"1103";0;0;3;3
"1104";0;0;0;1
"1105";0;0;0;1
"1106";0;0;0;2
"1107";0;0;3;3
"1108";0;0;3;3
"1109";0;0;0;1
"1110";0;0;3;3
"1111";0;0;3;3
"1112";0;0;3;3
"1113";0;0;0;1
"1114";0;4;4;4
"1115";0;0;0;2
"1116";0;4;4;4
"1117";0;4;4;4
"1118";0;0;0;2
"1119";0;0;0;2
"1120";0;0;0;2
"1121";0;0;0;2
"1122";0;0;0;2
"1123";0;0;0;2
"1124";0;4;4;4
"1125";0;4;4;4
"1126";0;4;4;4
"1127";0;4;4;4
"1128";0;4;4;4
"1129";0;0;0;2
"1130";0;4;4;4
"1131";0;4;4;4
"1132";0;4;4;4
"1133";0;4;4;4
"1134";0;0;0;2
"1135";0;0;0;2
"1136";0;0;0;2
"1137";0;0;3;3
"1138";0;4;4;4
"1139";0;0;3;3
"1140";0;4;4;4
"1141";0;4;4;4
"1142";0;4;4;4
"1143";0;4;4;4
"1144";0;0;0;2
"1145";0;0;3;3
"1146";0;0;0;2
"1147";0;4;4;4
"1148";0;0;0;2
"1149";0;0;0;2
"1150";0;0;3;3
"1151";0;0;3;3
"1152";0;0;0;2
"1153";0;0;3;3
"1154";0;0;3;3
"1155";0;0;0;2
"1156";0;0;3;3
"1157";0;0;0;2
"1158";0;0;0;2
"1159";0;0;0;2
"1160";0;4;4;4
"1161";0;0;3;3
"1162";0;0;0;2
"1163";0;0;0;0
"1164";0;4;4;4
"1165";0;4;4;4
"1166";0;4;4;4
"1167";0;4;4;4
"1168";0;0;0;2
"1169";0;0;3;3
"1170";0;0;0;2
"1171";0;0;3;3
"1172";0;0;3;3
"1173";0;0;0;2
"1174";0;0;0;2
"1175";0;4;4;4
"1176";0;0;0;2
"1177";0;0;3;3
"1178";0;4;4;4
"1179";0;0;0;2
"1180";0;0;0;2
"1181";0;0;0;2
"1182";0;0;0;2
"1183";0;0;0;2
"1184";0;0;0;2
"1185";0;0;0;2
"1186";0;0;0;2
"1187";0;0;0;2
"1188";0;0;0;2
"1189";0;0;0;2
"1190";0;4;4;4
"1191";0;0;0;2
"1192";0;4;4;4
"1193";0;0;0;2
"1194";0;4;4;4
"1195";0;0;0;2
"1196";0;0;0;2
"1197";0;4;4;4
"1198";0;4;4;4
"1199";0;0;0;1
"1200";0;0;3;3
"1201";0;0;3;3
"1202";0;4;4;4
"1203";0;4;4;4
"1204";0;4;4;4
"1205";0;4;4;4
"1206";0;0;0;1
"1207";0;0;0;1
"1208";0;0;0;1
"1209";0;4;4;4
"1210";0;4;4;4
"1211";0;4;4;4
"1212";0;0;0;1
"1213";0;4;4;4
"1214";0;0;0;2
"1215";0;0;0;2
"1216";0;0;0;2
"1217";0;0;0;2
"1218";0;0;0;2
"1219";0;0;0;1
"1220";0;0;0;1
"1221";0;0;0;1
"1222";0;0;0;1
"1223";0;0;0;2
"1224";0;0;0;2
"1225";0;0;0;2
"1226";0;4;4;4
"1227";0;0;0;1
"1228";0;0;0;1
"1229";0;0;0;1
"1230";0;0;0;1
"1231";0;0;0;1
"1232";0;0;0;1
"1233";0;0;0;1
"1234";0;0;0;1
"1235";0;0;0;1
"1236";0;0;0;0
"1237";0;0;0;1
"1238";0;0;0;1
"1239";0;4;4;4
"1240";0;0;0;2
"1241";0;0;0;2
"1242";0;0;0;2
"1243";0;0;0;1
"1244";0;0;0;2
"1245";0;0;0;2
"1246";0;0;0;2
"1247";0;0;0;1
"1248";0;0;0;1
"1249";0;0;0;1
"1250";0;0;0;1
"1251";0;0;0;1
"1252";0;0;0;2
"1253";0;0;0;1
"1254";0;0;0;1
"1255";0;0;0;1
"1256";0;0;0;1
"1257";0;0;0;1
"1258";0;0;0;1
"1259";0;0;0;1
"1260";0;0;0;1
"1261";0;0;0;2
"1262";0;0;0;1
"1263";0;0;0;1
"1264";0;0;0;1
"1265";0;0;0;2
"1266";0;0;0;1
"1267";0;0;0;1
"1268";0;0;0;1
"1269";0;0;0;1
"1270";0;0;0;2
"1271";0;0;0;1
"1272";0;0;0;1
"1273";0;0;0;1
"1274";0;0;0;1
"1275";0;0;0;1
"1276";0;0;0;2
"1277";0;0;0;2
"1278";0;0;0;2
"1279";0;0;0;1
"1280";0;0;0;2
"1281";0;0;0;2
"1282";0;0;0;1
"1283";0;0;0;1
"1284";0;0;0;2
"1285";0;0;0;2
"1286";0;0;0;2
"1287";0;0;0;2
"1288";0;0;0;2
"1289";0;0;0;2
"1290";0;0;0;2
"1291";0;0;0;2
"1292";0;0;0;2
"1293";0;0;0;2
"1294";0;0;0;2
"1295";0;0;0;2
"1296";0;0;0;2
"1297";0;0;0;2
"1298";0;0;0;2
"1299";0;0;0;2
"1300";0;0;0;2
"1301";0;0;0;2
"1302";0;0;0;2
"1303";0;0;3;3
"1304";0;0;3;3
"1305";0;0;3;3
"1306";0;0;3;3
"1307";0;0;3;3
"1308";0;0;0;2
"1309";0;0;0;2
"1310";0;0;0;2
"1311";0;0;3;3
"1312";0;0;3;3
"1313";0;0;3;3
"1314";0;0;0;2
"1315";0;0;3;3
"1316";0;0;0;2
"1317";0;0;0;2
"1318";0;0;0;2
"1319";0;0;0;2
"1320";0;0;0;2
"1321";0;0;0;2
"1322";0;0;0;2
"1323";0;0;0;2
"1324";0;0;0;2
"1325";0;0;0;2
"1326";0;0;0;2
"1327";0;0;0;2
"1328";0;0;0;2
"1329";0;0;0;2
"1330";0;0;0;2
"1331";0;0;0;2
"1332";0;0;3;3
"1333";0;0;3;3
"1334";0;0;3;3
"1335";0;0;0;2
"1336";0;0;0;2
"1337";0;0;0;2
"1338";0;0;0;2
"1339";0;0;0;2
"1340";0;4;4;4
"1341";0;0;0;1
"1342";0;4;4;4
"1343";0;0;0;2
"1344";0;0;3;3
"1345";0;0;3;3
"1346";0;0;0;2
"1347";0;0;0;2
"1348";0;0;0;2
"1349";0;0;0;1
"1350";0;0;0;2
"1351";0;0;0;2
"1352";0;0;0;2
"1353";0;4;4;4
"1354";0;4;4;4
"1355";0;0;0;1
"1356";0;0;0;2
"1357";0;4;4;4
"1358";0;0;0;1
"1359";0;0;0;2
"1360";0;0;0;1
"1361";0;0;0;1
"1362";0;0;0;2
"1363";0;0;0;2
"1364";0;0;0;1
"1365";0;0;0;2
"1366";0;0;0;2
"1367";0;0;0;2
"1368";0;0;0;2
"1369";0;0;0;2
"1370";0;0;0;2
"1371";0;0;0;2
"1372";0;0;0;2
"1373";0;0;0;2
"1374";0;0;0;2
"1375";0;0;0;2
"1376";0;0;0;2
"1377";0;0;0;2
"1378";0;0;0;2
"1379";0;0;0;2
"1380";0;0;0;1
"1381";0;0;0;2
"1382";0;0;0;2
"1383";0;0;0;2
"1384";0;0;0;2
"1385";0;4;4;4
"1386";0;4;4;4
"1387";0;0;0;2
"1388";0;4;4;4
"1389";0;0;0;1
"1390";0;0;0;1
"1391";0;4;4;4
"1392";0;4;4;4
"1393";0;4;4;4
"1394";0;0;0;1
"1395";0;0;0;2
"1396";0;0;0;2
"1397";0;0;0;2
"1398";0;0;0;1
"1399";0;0;0;2
"1400";0;0;0;2
"1401";0;0;0;1
"1402";0;0;0;1
"1403";0;0;3;3
"1404";0;0;3;3
"1405";0;0;3;3
"1406";0;4;4;4
"1407";0;0;0;2
"1408";0;0;0;1
"1409";0;0;0;2
"1410";0;0;0;2
"1411";0;0;0;1
"1412";0;0;0;1
"1413";0;0;0;2
"1414";0;0;0;2
"1415";0;0;0;2
"1416";0;0;0;2
"1417";0;0;0;2
"1418";0;0;0;2
"1419";0;4;4;4
"1420";0;0;0;2
"1421";0;4;4;4
"1422";0;0;0;1
"1423";0;0;3;3
"1424";0;0;3;3
"1425";0;0;3;3
"1426";0;0;3;3
"1427";0;0;3;3
"1428";0;0;3;3
"1429";0;0;0;1
"1430";0;0;3;3
"1431";0;0;3;3
"1432";0;0;3;3
"1433";0;0;3;3
"1434";0;0;3;3
"1435";0;0;3;3
"1436";0;0;3;3
"1437";0;0;3;3
"1438";0;0;3;3
"1439";0;0;3;3
"1440";0;0;3;3
"1441";0;0;0;1
"1442";0;0;3;3
"1443";0;0;3;3
"1444";0;0;0;1
"1445";0;0;3;3
"1446";0;0;3;3
"1447";0;0;0;1
"1448";0;0;3;3
"1449";0;0;3;3
"1450";0;0;3;3
"1451";0;0;0;1
"1452";0;0;3;3
"1453";0;0;0;2
"1454";0;0;3;3
"1455";0;4;4;4
"1456";0;0;3;3
"1457";0;0;0;1
"1458";0;0;3;3
"1459";0;0;0;1
"1460";0;4;4;4
"1461";0;0;0;2
"1462";0;4;4;4
"1463";0;0;0;1
"1464";0;0;0;1
"1465";0;0;0;1
"1466";0;0;0;1
"1467";0;0;0;2
"1468";0;4;4;4
"1469";0;4;4;4
"1470";0;0;0;2
"1471";0;4;4;4
"1472";0;4;4;4
"1473";0;0;0;1
"1474";0;0;0;1
"1475";0;0;0;1
"1476";0;0;0;1
"1477";0;0;0;1
"1478";0;0;0;2
"1479";0;0;0;1
"1480";0;0;0;1
"1481";0;0;0;1
"1482";0;0;0;2
"1483";0;0;0;1
"1484";0;0;0;1
"1485";0;4;4;4
"1486";0;4;4;4
"1487";0;4;4;4
"1488";0;4;4;4
"1489";0;4;4;4
"1490";0;0;0;1
"1491";0;0;0;2
"1492";0;4;4;4
"1493";0;4;4;4
"1494";0;4;4;4
"1495";0;0;3;3
"1496";0;4;4;4
"1497";0;0;3;3
"1498";0;0;3;3
"1499";0;4;4;4
"1500";0;4;4;4
"1501";0;0;0;1
"1502";0;0;0;2
"1503";0;4;4;4
"1504";0;0;0;1
"1505";0;0;3;3
"1506";0;4;4;4
"1507";0;0;3;3
"1508";0;0;3;3
"1509";0;0;0;1
"1510";0;4;4;4
"1511";0;0;3;3
"1512";0;0;3;3
"1513";0;0;3;3
"1514";0;0;3;3
"1515";0;0;3;3
"1516";0;0;3;3
"1517";0;0;3;3
"1518";0;0;3;3
"1519";0;0;3;3
"1520";0;0;3;3
"1521";0;0;3;3
"1522";0;0;3;3
"1523";0;0;3;3
"1524";0;4;4;4
"1525";0;4;4;4
"1526";0;4;4;4
"1527";0;4;4;4
"1528";0;4;4;4
"1529";0;4;4;4
"1530";0;4;4;4
"1531";0;4;4;4
"1532";0;4;4;4
"1533";0;4;4;4
"1534";0;0;0;1
"1535";0;4;4;4
"1536";0;4;4;4
"1537";0;4;4;4
"1538";0;4;4;4
"1539";0;4;4;4
"1540";0;0;0;1
"1541";0;0;0;1
"1542";0;0;0;1
"1543";0;4;4;4
"1544";0;0;0;1
"1545";0;0;0;1
"1546";0;4;4;4
"1547";0;0;0;1
"1548";0;0;0;1
"1549";0;0;0;1
"1550";0;4;4;4
"1551";0;4;4;4
"1552";0;0;0;1
"1553";0;0;0;1
"1554";0;4;4;4
"1555";0;4;4;4
"1556";0;4;4;4
"1557";0;0;0;2
"1558";0;0;0;1
"1559";0;0;0;2
"1560";0;0;0;2
"1561";0;0;0;1
"1562";0;0;3;3
"1563";0;0;0;1
"1564";0;0;0;2
"1565";0;0;0;2
"1566";0;4;4;4
"1567";0;4;4;4
"1568";0;0;3;3
"1569";0;4;4;4
"1570";0;4;4;4
"1571";0;4;4;4
"1572";0;4;4;4
"1573";0;4;4;4
"1574";0;4;4;4
"1575";0;4;4;4
"1576";0;4;4;4
"1577";0;4;4;4
"1578";0;4;4;4
"1579";0;4;4;4
"1580";0;4;4;4
"1581";0;0;0;1
"1582";0;0;0;2
"1583";0;0;0;2
"1584";0;0;0;2
"1585";0;0;0;2
"1586";0;0;0;2
"1587";0;0;0;2
"1588";0;0;0;1
"1589";0;0;0;2
"1590";0;0;0;2
"1591";0;0;0;2
"1592";0;0;0;2
"1593";0;0;0;2
"1594";0;0;0;2
"1595";0;0;0;2
"1596";0;0;0;2
"1597";0;0;0;2
"1598";0;0;0;1
"1599";0;0;0;2
"1600";0;0;0;2
"1601";0;0;0;2
"1602";0;0;0;2
"1603";0;0;3;3
"1604";0;0;0;2
"1605";0;0;3;3
"1606";0;0;0;2
"1607";0;0;3;3
"1608";0;0;3;3
"1609";0;0;3;3
"1610";0;0;3;3
"1611";0;0;3;3
"1612";0;0;3;3
"1613";0;0;0;2
"1614";0;4;4;4
"1615";0;4;4;4
"1616";0;0;0;0
"1617";0;4;4;4
"1618";0;4;4;4
"1619";0;4;4;4
"1620";0;4;4;4
"1621";0;0;3;3
"1622";0;4;4;4
"1623";0;4;4;4
"1624";0;0;0;1
"1625";0;4;4;4
"1626";0;4;4;4
"1627";0;4;4;4
"1628";0;0;0;1
"1629";0;0;0;1
"1630";0;0;3;3
"1631";0;0;0;1
"1632";0;0;0;1
"1633";0;4;4;4
"1634";0;4;4;4
"1635";0;0;0;1
"1636";0;0;0;1
"1637";0;4;4;4
"1638";0;4;4;4
"1639";0;4;4;4
"1640";0;0;0;1
"1641";0;0;0;1
"1642";0;0;0;1
"1643";0;4;4;4
"1644";0;0;0;1
"1645";0;0;0;1
"1646";0;0;0;1
"1647";0;0;0;1
"1648";0;0;0;1
"1649";0;0;0;1
"1650";0;0;0;1
"1651";0;4;4;4
"1652";0;4;4;4
"1653";0;0;0;1
"1654";0;0;0;2
"1655";0;0;0;1
"1656";0;0;3;3
"1657";0;0;3;3
"1658";0;0;0;1
"1659";0;0;0;1
"1660";0;0;0;1
"1661";0;0;0;1
"1662";0;4;4;4
"1663";0;4;4;4
"1664";0;0;0;1
"1665";0;0;3;3
"1666";0;0;3;3
"1667";0;0;0;1
"1668";0;0;0;1
"1669";0;0;0;1
"1670";0;0;0;1
"1671";0;0;0;1
"1672";0;0;0;1
"1673";0;0;0;1
"1674";0;4;4;4
"1675";0;0;0;1
"1676";0;4;4;4
"1677";0;4;4;4
"1678";0;4;4;4
"1679";0;4;4;4
"1680";0;4;4;4
"1681";0;4;4;4
"1682";0;0;0;1
"1683";0;4;4;4
"1684";0;4;4;4
"1685";0;4;4;4
"1686";0;4;4;4
"1687";0;4;4;4
"1688";0;4;4;4
"1689";0;0;3;3
"1690";0;0;0;1
"1691";0;0;0;2
"1692";0;0;3;3
"1693";0;0;0;2
"1694";0;4;4;4
"1695";0;4;4;4
"1696";0;4;4;4
"1697";0;0;0;2
"1698";0;4;4;4
"1699";0;4;4;4
"1700";0;0;0;2
"1701";0;4;4;4
"1702";0;0;0;2
"1703";0;4;4;4
"1704";0;4;4;4
"1705";0;4;4;4
"1706";0;4;4;4
"1707";0;4;4;4
"1708";0;4;4;4
"1709";0;4;4;4
"1710";0;4;4;4
"1711";0;0;3;3
"1712";0;0;0;1
"1713";0;4;4;4
"1714";0;4;4;4
"1715";0;4;4;4
"1716";0;4;4;4
"1717";0;4;4;4
"1718";0;0;3;3
"1719";0;4;4;4
"1720";0;0;0;1
"1721";0;0;0;1
"1722";0;4;4;4
"1723";0;0;0;2
"1724";0;0;0;1
"1725";0;0;0;2
"1726";0;4;4;4
"1727";0;0;0;1
"1728";0;4;4;4
"1729";0;0;0;2
"1730";0;0;0;2
"1731";0;4;4;4
"1732";0;4;4;4
"1733";0;0;0;1
"1734";0;4;4;4
"1735";0;0;0;2
"1736";0;0;0;1
"1737";0;4;4;4
"1738";0;4;4;4
"1739";0;0;0;1
"1740";0;4;4;4
"1741";0;0;0;1
"1742";0;0;0;2
"1743";0;0;0;2
"1744";0;4;4;4
"1745";0;4;4;4
"1746";0;4;4;4
"1747";0;0;0;2
"1748";0;0;0;1
"1749";0;0;0;2
"1750";0;0;0;2
"1751";0;0;0;2
"1752";0;0;0;2
"1753";0;0;0;2
"1754";0;0;0;2
"1755";0;0;0;2
"1756";0;0;0;2
"1757";0;0;0;1
"1758";0;0;0;1
"1759";0;0;0;2
"1760";0;0;0;2
"1761";0;0;0;1
"1762";0;0;0;2
"1763";0;0;0;2
"1764";0;4;4;4
"1765";0;0;0;2
"1766";0;0;0;2
"1767";0;4;4;4
"1768";0;0;0;2
"1769";0;0;0;2
"1770";0;0;0;2
"1771";0;0;0;2
"1772";0;4;4;4
"1773";0;4;4;4
"1774";0;4;4;4
"1775";0;4;4;4
"1776";0;4;4;4
"1777";0;4;4;4
"1778";0;4;4;4
"1779";0;4;4;4
"1780";0;0;0;1
"1781";0;0;0;1
"1782";0;0;0;1
"1783";0;0;0;1
"1784";0;0;0;2
"1785";0;0;3;3
"1786";0;0;0;2
"1787";0;0;0;1
"1788";0;0;0;1
"1789";0;0;0;1
"1790";0;4;4;4
"1791";0;4;4;4
"1792";0;4;4;4
"1793";0;0;0;1
"1794";0;4;4;4
"1795";0;0;0;1
"1796";0;0;0;1
"1797";0;4;4;4
"1798";0;4;4;4
